sentence_id,annotation_type,annotation_text,start_token,end_token,alignment_status,is_training_safe,candidate_span,reason
1,aspect,bowling,6,6,exact,True,bowling,Matched via exact strategy
1,opinion,ham bowling krte hai,5,8,exact,True,ham bowling krte hai,Matched via exact strategy
1,aspect,stump,11,11,exact,True,stump,Matched via exact strategy
1,opinion,apne stump bhjao,10,12,exact,True,apne stump bhjao,Matched via exact strategy
2,aspect,video,5,5,exact,True,video,Matched via exact strategy
2,opinion,thodi funny bhi hai beech beech main,38,44,exact,True,thodi funny bhi hai beech beech main,Matched via exact strategy
3,aspect,shehnaaz ki entry,21,23,exact,True,shehnaaz ki entry,Matched via exact strategy
3,opinion,us din se bb13 ke har ek episodes dekhi,25,33,exact,True,us din se bb13 ke har ek episodes dekhi,Matched via exact strategy
3,aspect,shehnaaz,21,21,exact,True,shehnaaz,Matched via exact strategy
3,opinion,i miss you shehnaaz,46,49,exact,True,i miss you shehnaaz,Matched via exact strategy
3,aspect,bb13,4,4,exact,True,bb13,Matched via exact strategy
3,opinion,miss you bb13,51,53,exact,True,miss you bb13,Matched via exact strategy
4,aspect,nagan sarir ko pradarshan,7,10,exact,True,nagan sarir ko pradarshan,Matched via exact strategy
4,opinion,sobha nahi deta,12,14,exact,True,sobha nahi deta,Matched via exact strategy
4,aspect,ye sab,33,34,exact,True,ye sab,Matched via exact strategy
4,opinion,srif 3 din hai ye sab rok do,29,36,exact,True,srif 3 din hai ye sab rok do,Matched via exact strategy
5,aspect,jatti,6,6,exact,True,jatti,Matched via exact strategy
5,opinion,sad it doesn t look nyc,7,12,exact,True,sad it doesn t look nyc,Matched via exact strategy
5,aspect,hasdi,15,15,exact,True,hasdi,Matched via exact strategy
5,opinion,wadia lgdi apne gang nal,16,20,exact,True,wadia lgdi apne gang nal,Matched via exact strategy
6,aspect,this,3,3,exact,True,this,Matched via exact strategy
6,opinion,i mean this,4,6,exact,True,i mean this,Matched via exact strategy
6,aspect,sikha,15,15,exact,True,sikha,Matched via exact strategy
6,opinion,haan maalum hai chal apne baap ko mat sikha,7,15,exact,True,haan maalum hai chal apne baap ko mat sikha,Matched via exact strategy
7,aspect,hindu,7,7,exact,True,hindu,Matched via exact strategy
7,opinion,saare marne pe utre,8,11,exact,True,saare marne pe utre,Matched via exact strategy
7,aspect,ye jo uchalte h,15,18,approximate,False,jo ye uchalte h,Matched via approximate strategy
7,opinion,chup chap apne gharo me baithenge,20,25,exact,True,chup chap apne gharo me baithenge,Matched via exact strategy
8,aspect,katora khan,2,3,exact,True,katora khan,Matched via exact strategy
8,opinion,ne kyu li vaccine bhikari,4,8,exact,True,ne kyu li vaccine bhikari,Matched via exact strategy
8,aspect,vaccine,7,7,exact,True,vaccine,Matched via exact strategy
8,opinion,ki bhi bhik mang rahe,20,24,exact,True,ki bhi bhik mang rahe,Matched via exact strategy
8,aspect,betiyon,34,34,exact,True,betiyon,Matched via exact strategy
8,opinion,ko bech diya china me,35,39,exact,True,ko bech diya china me,Matched via exact strategy
8,aspect,desh,50,50,exact,True,desh,Matched via exact strategy
8,opinion,haram ki kmayi se desh chala rahe,46,52,exact,True,haram ki kmayi se desh chala rahe,Matched via exact strategy
9,aspect,adhikari,2,2,exact,True,adhikari,Matched via exact strategy
9,opinion,power ka galat use kr rha hai,4,10,exact,True,power ka galat use kr rha hai,Matched via exact strategy
9,aspect,mukhyamantri ji,11,12,exact,True,mukhyamantri ji,Matched via exact strategy
9,opinion,ispe action lijiye,13,15,exact,True,ispe action lijiye,Matched via exact strategy
10,aspect,form,6,6,exact,True,form,Matched via exact strategy
10,opinion,aa gaya na apne idol wale,0,5,exact,True,aa gaya na apne idol wale,Matched via exact strategy
10,aspect,fc,11,11,exact,True,fc,Matched via exact strategy
10,opinion,tere liye kuch to kar denge,15,20,exact,True,tere liye kuch to kar denge,Matched via exact strategy
10,aspect,idol,4,4,exact,True,idol,Matched via exact strategy
10,opinion,tere liye kuch to kar denge,15,20,exact,True,tere liye kuch to kar denge,Matched via exact strategy
11,aspect,d h nair,0,2,exact,True,d h nair,Matched via exact strategy
11,opinion,apne jeb se nahin deta,4,8,exact,True,apne jeb se nahin deta,Matched via exact strategy
11,aspect,owaisi,9,9,exact,True,owaisi,Matched via exact strategy
11,opinion,bhi nahin deta,10,12,exact,True,bhi nahin deta,Matched via exact strategy
12,aspect,exam,13,13,exact,True,exam,Matched via exact strategy
12,opinion,whats about now we r not bache jaisay woh bache the,27,37,exact,True,whats about now we r not bache jaisay woh bache the,Matched via exact strategy
13,aspect,relatives,9,9,exact,True,relatives,Matched via exact strategy
13,opinion,fuck off kah dena,4,7,exact,True,fuck off kah dena,Matched via exact strategy
14,aspect,international stats,5,6,exact,True,international stats,Matched via exact strategy
14,opinion,compare krke,7,8,exact,True,compare krke,Matched via exact strategy
14,aspect,ghr walon,16,17,exact,True,ghr walon,Matched via exact strategy
14,opinion,tameez sikhai hoti na,20,23,exact,True,tameez sikhai hoti na,Matched via exact strategy
14,aspect,fixer,13,13,exact,True,fixer,Matched via exact strategy
14,opinion,abu nai bbanate,30,32,exact,True,abu nai bbanate,Matched via exact strategy
15,aspect,jawaid bhai,11,12,exact,True,jawaid bhai,Matched via exact strategy
15,opinion,view k chakkar or paise ki laalach me india chle gye apne kafil ko dhoka dekar,0,17,approximate,False,view k chakkar or paise ki laalach me india chle gye jawaid bhai apne kafil ko dhoka dekar,Matched via approximate strategy
15,aspect,news,21,21,exact,True,news,Matched via exact strategy
15,opinion,ek hi news bar bar repeat krna inke liye kon c badi baat h,19,32,exact,True,ek hi news bar bar repeat krna inke liye kon c badi baat h,Matched via exact strategy
16,aspect,neta,6,6,exact,True,neta,Matched via exact strategy
16,opinion,apne party ke bade neta nahi hua oh humara kya hoga,2,12,exact,True,apne party ke bade neta nahi hua oh humara kya hoga,Matched via exact strategy
17,aspect,idol,3,3,exact,True,idol,Matched via exact strategy
17,opinion,please gym jao is pic ke bad,6,12,exact,True,please gym jao is pic ke bad,Matched via exact strategy
18,aspect,kejriwal,4,4,exact,True,kejriwal,Matched via exact strategy
18,opinion,apne logon se laraya h,17,21,exact,True,apne logon se laraya h,Matched via exact strategy
18,aspect,fir,6,6,exact,True,fir,Matched via exact strategy
18,opinion,badi jaldi thi,8,10,exact,True,badi jaldi thi,Matched via exact strategy
19,aspect,pmln,7,7,exact,True,pmln,Matched via exact strategy
19,opinion,dno lollipop aik sth khana chati hai jo mumkin ni,29,38,exact,True,dno lollipop aik sth khana chati hai jo mumkin ni,Matched via exact strategy
19,aspect,vote mangna,13,14,exact,True,vote mangna,Matched via exact strategy
19,opinion,mushkil ho jayga,16,18,exact,True,mushkil ho jayga,Matched via exact strategy
20,aspect,raffle,0,0,exact,True,raffle,Matched via exact strategy
20,opinion,debets karle,2,3,exact,True,debets karle,Matched via exact strategy
20,aspect,dango,4,4,exact,True,dango,Matched via exact strategy
20,opinion,karle,3,3,exact,True,karle,Matched via exact strategy
20,aspect,chamcho,8,8,exact,True,chamcho,Matched via exact strategy
20,opinion,karle,3,3,exact,True,karle,Matched via exact strategy
20,aspect,pm care fund,11,13,exact,True,pm care fund,Matched via exact strategy
20,opinion,karl,15,15,exact,True,karl,Matched via exact strategy
20,aspect,mahangai,16,16,exact,True,mahangai,Matched via exact strategy
20,opinion,karle,3,3,exact,True,karle,Matched via exact strategy
20,aspect,sahi mudde,23,24,exact,True,sahi mudde,Matched via exact strategy
20,opinion,karle pahle,26,27,exact,True,karle pahle,Matched via exact strategy
21,aspect,democracy in china,5,7,exact,True,democracy in china,Matched via exact strategy
21,opinion,there is no democracy,2,5,exact,True,there is no democracy,Matched via exact strategy
21,aspect,chinese govt,12,13,exact,True,chinese govt,Matched via exact strategy
21,opinion,cant criticize,10,11,exact,True,cant criticize,Matched via exact strategy
21,aspect,indian demo,30,31,exact,True,indian demo,Matched via exact strategy
21,opinion,exercising maximum no of freedom,24,28,exact,True,exercising maximum no of freedom,Matched via exact strategy
21,aspect,apne thali main chhed karne bale,38,43,exact,True,apne thali main chhed karne bale,Matched via exact strategy
21,opinion,khud kyon nahi gold le aye,44,49,exact,True,khud kyon nahi gold le aye,Matched via exact strategy
22,aspect,talent,2,2,exact,True,talent,Matched via exact strategy
22,opinion,kami nhi,4,5,exact,True,kami nhi,Matched via exact strategy
22,aspect,corruption,7,7,exact,True,corruption,Matched via exact strategy
22,opinion,zero,8,8,exact,True,zero,Matched via exact strategy
22,aspect,kaam,12,12,exact,True,kaam,Matched via exact strategy
22,opinion,honestly krne lag jaye,13,16,exact,True,honestly krne lag jaye,Matched via exact strategy
23,aspect,yeh log,5,6,exact,True,yeh log,Matched via exact strategy
23,opinion,pata nahi apne ap ko kya smjhte hai,9,16,exact,True,pata nahi apne ap ko kya smjhte hai,Matched via exact strategy
23,aspect,nikkitamboli,34,34,exact,True,nikkitamboli,Matched via exact strategy
23,opinion,humko toh voh jo kare sahi lagta hai,23,30,exact,True,humko toh voh jo kare sahi lagta hai,Matched via exact strategy
24,aspect,central gov,0,1,exact,True,central gov,Matched via exact strategy
24,opinion,sports ke prati jagrit hona pdega,13,18,exact,True,sports ke prati jagrit hona pdega,Matched via exact strategy
24,aspect,state gov,4,5,exact,True,state gov,Matched via exact strategy
24,opinion,sports ke prati jagrit hona pdega,13,18,exact,True,sports ke prati jagrit hona pdega,Matched via exact strategy
24,aspect,samaj,10,10,exact,True,samaj,Matched via exact strategy
24,opinion,sports ke prati jagrit hona pdega,13,18,exact,True,sports ke prati jagrit hona pdega,Matched via exact strategy
24,aspect,parents,19,19,exact,True,parents,Matched via exact strategy
24,opinion,apne bacchon ka support amp uske sath hmesha khda rhna padega,22,32,exact,True,apne bacchon ka support amp uske sath hmesha khda rhna padega,Matched via exact strategy
24,aspect,sport,43,43,exact,True,sport,Matched via exact strategy
24,opinion,1 nhi bahut gold ayega,48,52,exact,True,1 nhi bahut gold ayega,Matched via exact strategy
25,aspect,kafil,2,2,exact,True,kafil,Matched via exact strategy
25,opinion,dhoka diya,5,6,exact,True,dhoka diya,Matched via exact strategy
25,aspect,plan,12,12,exact,True,plan,Matched via exact strategy
25,opinion,pehle se hi plan tha,9,13,exact,True,pehle se hi plan tha,Matched via exact strategy
25,aspect,haram ka paisa,25,27,exact,True,haram ka paisa,Matched via exact strategy
25,opinion,numaaish kr k haram ka paisa kamaana tha,22,29,exact,True,numaaish kr k haram ka paisa kamaana tha,Matched via exact strategy
25,aspect,halal ki roti,30,32,exact,True,halal ki roti,Matched via exact strategy
25,opinion,hazam nhi horahi thi,34,37,exact,True,hazam nhi horahi thi,Matched via exact strategy
26,aspect,asif,2,2,exact,True,asif,Matched via exact strategy
26,opinion,can be way better player at 4 agr aqal istimal kre,3,13,exact,True,can be way better player at 4 agr aqal istimal kre,Matched via exact strategy
26,aspect,ifti sohaib,16,17,exact,True,ifti sohaib,Matched via exact strategy
26,opinion,will still do better than asif at 6,18,25,exact,True,will still do better than asif at 6,Matched via exact strategy
26,aspect,azam asif,28,29,exact,True,azam asif,Matched via exact strategy
26,opinion,hain us position ke bs,30,34,exact,True,hain us position ke bs,Matched via exact strategy
26,aspect,ye sab,36,37,exact,True,ye sab,Matched via exact strategy
26,opinion,apne kaha team me hone chaye,38,43,exact,True,apne kaha team me hone chaye,Matched via exact strategy
27,aspect,cmt,2,2,exact,True,cmt,Matched via exact strategy
27,opinion,apki wajah se hi mere tl pe aaya tha,3,11,exact,True,apki wajah se hi mere tl pe aaya tha,Matched via exact strategy
27,aspect,ss,14,14,exact,True,ss,Matched via exact strategy
27,opinion,kyu lu mei,15,17,exact,True,kyu lu mei,Matched via exact strategy
27,aspect,rt,22,22,exact,True,rt,Matched via exact strategy
27,opinion,aise chacha se milti,19,23,approximate,False,aise chacha se rt milti,Matched via approximate strategy
28,aspect,sid sidhearts,0,1,exact,True,sid sidhearts,Matched via exact strategy
28,opinion,itna time nhi h,4,7,exact,True,itna time nhi h,Matched via exact strategy
28,aspect,ideal,10,10,exact,True,ideal,Matched via exact strategy
28,opinion,busy h,12,13,exact,True,busy h,Matched via exact strategy
28,aspect,insta,20,20,exact,True,insta,Matched via exact strategy
28,opinion,rone ke layk nhi chodhte,22,26,exact,True,rone ke layk nhi chodhte,Matched via exact strategy
29,aspect,kam,13,13,exact,True,kam,Matched via exact strategy
29,opinion,lag jao kam par,11,14,exact,True,lag jao kam par,Matched via exact strategy
29,aspect,tweet,24,24,exact,True,tweet,Matched via exact strategy
29,opinion,please tweet karte raho,23,26,exact,True,please tweet karte raho,Matched via exact strategy
29,aspect,hastagag,30,30,exact,True,hastagag,Matched via exact strategy
29,opinion,use 2 hastagag fansdemandsaakks2,28,31,exact,True,use 2 hastagag fansdemandsaakks2,Matched via exact strategy
30,aspect,obc reservation scam,12,14,exact,True,obc reservation scam,Matched via exact strategy
30,opinion,ko bhi to dekhiye,15,18,exact,True,ko bhi to dekhiye,Matched via exact strategy
30,aspect,5844obc seats,43,44,exact,True,5844obc seats,Matched via exact strategy
30,opinion,ncbc ayog se vo win kiye h,50,53,approximate,False,h vo win kiye,Matched via approximate strategy
31,aspect,apne log,7,8,exact,True,apne log,Matched via exact strategy
31,opinion,achay lagtay hain,9,11,exact,True,achay lagtay hain,Matched via exact strategy
32,aspect,desh,4,4,exact,True,desh,Matched via exact strategy
32,opinion,support karo,6,7,exact,True,support karo,Matched via exact strategy
32,aspect,offline business,11,12,exact,True,offline business,Matched via exact strategy
32,opinion,support karo,6,7,exact,True,support karo,Matched via exact strategy
32,aspect,insan,19,19,exact,True,insan,Matched via exact strategy
32,opinion,achcha,18,18,exact,True,achcha,Matched via exact strategy
33,aspect,orange shirt wale,2,4,exact,True,orange shirt wale,Matched via exact strategy
33,opinion,mulle jab kaate jayenge kaha,6,10,exact,True,mulle jab kaate jayenge kaha,Matched via exact strategy
33,aspect,delhi,22,22,exact,True,delhi,Matched via exact strategy
33,opinion,bharosa nahi hai,24,26,exact,True,bharosa nahi hai,Matched via exact strategy
34,aspect,joke,1,1,exact,True,joke,Matched via exact strategy
34,opinion,mast joke mara re,0,3,exact,True,mast joke mara re,Matched via exact strategy
34,aspect,buddhi,7,7,exact,True,buddhi,Matched via exact strategy
34,opinion,alag alag bana ke de rakhi h,8,14,exact,True,alag alag bana ke de rakhi h,Matched via exact strategy
34,aspect,privileged log,17,18,exact,True,privileged log,Matched via exact strategy
34,opinion,rote h khilouno ke liye,19,23,exact,True,rote h khilouno ke liye,Matched via exact strategy
34,aspect,garib ke bache,24,26,exact,True,garib ke bache,Matched via exact strategy
34,opinion,kuch bhi utha ke khilaouna bana lete h apne liye,27,36,exact,True,kuch bhi utha ke khilaouna bana lete h apne liye,Matched via exact strategy
35,aspect,ring,7,7,exact,True,ring,Matched via exact strategy
35,opinion,apne pass rakha,9,11,exact,True,apne pass rakha,Matched via exact strategy
35,aspect,tumhe,13,13,exact,True,tumhe,Matched via exact strategy
35,opinion,save rakhna chata hoon tumhe protect karna chata hoon,17,25,exact,True,save rakhna chata hoon tumhe protect karna chata hoon,Matched via exact strategy
35,aspect,ipzn2,28,28,exact,True,ipzn2,Matched via exact strategy
35,opinion,we want,26,27,exact,True,we want,Matched via exact strategy
36,aspect,midemil,11,11,exact,True,midemil,Matched via exact strategy
36,opinion,puri tarah fail h,12,15,exact,True,puri tarah fail h,Matched via exact strategy
36,aspect,teacher,4,4,exact,True,teacher,Matched via exact strategy
36,opinion,sara rasan teacher le jate h,18,23,exact,True,sara rasan teacher le jate h,Matched via exact strategy
36,aspect,yojna,36,36,exact,True,yojna,Matched via exact strategy
36,opinion,koi alag yojna bnao,34,37,exact,True,koi alag yojna bnao,Matched via exact strategy
37,aspect,view,4,4,exact,True,view,Matched via exact strategy
37,opinion,jarur shahar karo,5,7,exact,True,jarur shahar karo,Matched via exact strategy
37,aspect,justicefortraders,12,12,exact,True,justicefortraders,Matched via exact strategy
37,opinion,join in karke,9,11,exact,True,join in karke,Matched via exact strategy
38,aspect,pitaji,7,7,exact,True,pitaji,Matched via exact strategy
38,opinion,rashtrwadi hai,8,9,exact,True,rashtrwadi hai,Matched via exact strategy
38,aspect,hindusthan,11,11,exact,True,hindusthan,Matched via exact strategy
38,opinion,bachane k liye yudh kr rhe hai,16,22,exact,True,bachane k liye yudh kr rhe hai,Matched via exact strategy
38,aspect,sanatan sanskriti,13,14,exact,True,sanatan sanskriti,Matched via exact strategy
38,opinion,bachane k liye yudh kr rhe hai,16,22,exact,True,bachane k liye yudh kr rhe hai,Matched via exact strategy
39,aspect,homosexual people,1,2,exact,True,homosexual people,Matched via exact strategy
39,opinion,not treated well in society,4,8,exact,True,not treated well in society,Matched via exact strategy
40,aspect,desh ke business,2,4,exact,True,desh ke business,Matched via exact strategy
40,opinion,support karti hun,6,8,exact,True,support karti hun,Matched via exact strategy
40,aspect,traders,19,18,normalized,True,,Matched via normalized strategy
40,opinion,justicefortraders,18,18,exact,True,justicefortraders,Matched via exact strategy
41,aspect,ishqi,1,1,exact,True,ishqi,Matched via exact strategy
41,opinion,mere sare dukh apne upar le lie,6,12,exact,True,mere sare dukh apne upar le lie,Matched via exact strategy
41,aspect,ipzn2,15,15,exact,True,ipzn2,Matched via exact strategy
41,opinion,we want,13,14,exact,True,we want,Matched via exact strategy
42,aspect,desh,1,1,exact,True,desh,Matched via exact strategy
42,opinion,pyar karte ho,3,5,exact,True,pyar karte ho,Matched via exact strategy
42,aspect,offline business,7,8,exact,True,offline business,Matched via exact strategy
42,opinion,support karo,9,10,exact,True,support karo,Matched via exact strategy
43,aspect,pani,16,16,exact,True,pani,Matched via exact strategy
43,opinion,badh ka isthiti ho gaya h,18,23,exact,True,badh ka isthiti ho gaya h,Matched via exact strategy
43,aspect,sarkar,39,39,exact,True,sarkar,Matched via exact strategy
43,opinion,moun hai,40,41,exact,True,moun hai,Matched via exact strategy
43,aspect,intjam,43,43,exact,True,intjam,Matched via exact strategy
43,opinion,koi intjam nhi ghor laprvahi,42,46,exact,True,koi intjam nhi ghor laprvahi,Matched via exact strategy
44,aspect,vishal ji,2,3,exact,True,vishal ji,Matched via exact strategy
44,opinion,javelin pe vishal ji ko bithake arshad k pas forever k liye bhejdo,16,28,exact,True,javelin pe vishal ji ko bithake arshad k pas forever k liye bhejdo,Matched via exact strategy
45,aspect,pura pakistan,2,3,exact,True,pura pakistan,Matched via exact strategy
45,opinion,tumhare bap ka nahi hai,4,8,exact,True,tumhare bap ka nahi hai,Matched via exact strategy
45,aspect,pashtun,10,10,exact,True,pashtun,Matched via exact strategy
45,opinion,unke hisseki jameen de,12,15,exact,True,unke hisseki jameen de,Matched via exact strategy
45,aspect,pakistan,3,3,exact,True,pakistan,Matched via exact strategy
45,opinion,apne dalde,21,22,exact,True,apne dalde,Matched via exact strategy
46,aspect,log,3,3,exact,True,log,Matched via exact strategy
46,opinion,hamesha negativity hi spread karte hain,4,9,exact,True,hamesha negativity hi spread karte hain,Matched via exact strategy
46,aspect,aap,10,10,exact,True,aap,Matched via exact strategy
46,opinion,apne aap ko control karein please,11,16,exact,True,apne aap ko control karein please,Matched via exact strategy
47,aspect,girls,5,5,exact,True,girls,Matched via exact strategy
47,opinion,lakh lannat wese girls boys sy maza b to leti hen,2,12,exact,True,lakh lannat wese girls boys sy maza b to leti hen,Matched via exact strategy
48,aspect,mein,0,0,exact,True,mein,Matched via exact strategy
48,opinion,changa,2,2,exact,True,changa,Matched via exact strategy
48,aspect,mera peo,3,4,exact,True,mera peo,Matched via exact strategy
48,opinion,changa,2,2,exact,True,changa,Matched via exact strategy
48,aspect,meri maa,7,8,exact,True,meri maa,Matched via exact strategy
48,opinion,changi,10,10,exact,True,changi,Matched via exact strategy
48,aspect,ristdaar,11,11,exact,True,ristdaar,Matched via exact strategy
48,opinion,baki apko pata hi hain,12,16,exact,True,baki apko pata hi hain,Matched via exact strategy
48,aspect,song,22,22,exact,True,song,Matched via exact strategy
48,opinion,suna hoga apne b,17,20,exact,True,suna hoga apne b,Matched via exact strategy
49,aspect,hindustani kam,4,5,exact,True,hindustani kam,Matched via exact strategy
49,opinion,support karta hai,7,9,exact,True,support karta hai,Matched via exact strategy
49,aspect,traders,12,12,exact,True,traders,Matched via exact strategy
49,opinion,support kar rahe hain,14,17,exact,True,support kar rahe hain,Matched via exact strategy
50,aspect,sabanaqvi,1,1,exact,True,sabanaqvi,Matched via exact strategy
50,opinion,maane na ki hum indian hai,4,9,exact,True,maane na ki hum indian hai,Matched via exact strategy
50,aspect,muslims,21,21,exact,True,muslims,Matched via exact strategy
50,opinion,apne aapko turko ki aulaad bataane se fursat nahi hai,11,20,exact,True,apne aapko turko ki aulaad bataane se fursat nahi hai,Matched via exact strategy
51,aspect,apne log,4,5,exact,True,apne log,Matched via exact strategy
51,opinion,irdgird achay lagtay hain,6,9,exact,True,irdgird achay lagtay hain,Matched via exact strategy
52,aspect,congres,1,1,exact,True,congres,Matched via exact strategy
52,opinion,hindu berodhi h,2,4,exact,True,hindu berodhi h,Matched via exact strategy
52,aspect,nakli gandhi parewar,14,16,exact,True,nakli gandhi parewar,Matched via exact strategy
52,opinion,kabhi apne abba jaan ke abba phiroz khan ki mazar pr gaye h nahi,18,31,exact,True,kabhi apne abba jaan ke abba phiroz khan ki mazar pr gaye h nahi,Matched via exact strategy
53,aspect,mehnat ki kamai,2,4,exact,True,mehnat ki kamai,Matched via exact strategy
53,opinion,wapis karo,5,6,exact,True,wapis karo,Matched via exact strategy
53,aspect,sahara sebi case,20,22,exact,True,sahara sebi case,Matched via exact strategy
53,opinion,3 lakh rupee fusse hue hai,17,19,approximate,False,3 lakh rupee,Matched via approximate strategy
53,aspect,paisa,29,29,exact,True,paisa,Matched via exact strategy
53,opinion,please mera paisa dedo,27,30,exact,True,please mera paisa dedo,Matched via exact strategy
54,aspect,alcohol drinkers,3,4,exact,True,alcohol drinkers,Matched via exact strategy
54,opinion,hamare desh ki shaan hai din mein teen peg lagaiye apne aap dharma ki raksha ho jayegi,7,23,exact,True,hamare desh ki shaan hai din mein teen peg lagaiye apne aap dharma ki raksha ho jayegi,Matched via exact strategy
55,aspect,constitution,8,8,exact,True,constitution,Matched via exact strategy
55,opinion,yahan ka apna,5,7,exact,True,yahan ka apna,Matched via exact strategy
55,aspect,rule regulation,12,13,exact,True,rule regulation,Matched via exact strategy
55,opinion,manya,20,20,exact,True,manya,Matched via exact strategy
56,aspect,justice,2,2,exact,True,justice,Matched via exact strategy
56,opinion,tbi mil payga jb govt inke favour me kuch faisle lega,3,13,exact,True,tbi mil payga jb govt inke favour me kuch faisle lega,Matched via exact strategy
56,aspect,govt,7,7,exact,True,govt,Matched via exact strategy
56,opinion,inke favour me kuch faisle lega,8,13,exact,True,inke favour me kuch faisle lega,Matched via exact strategy
56,aspect,business,17,17,exact,True,business,Matched via exact strategy
56,opinion,profits kama paaayee,19,21,exact,True,profits kama paaayee,Matched via exact strategy
57,aspect,dishul,0,0,exact,True,dishul,Matched via exact strategy
57,opinion,apne name mein he ek brand hai,1,7,exact,True,apne name mein he ek brand hai,Matched via exact strategy
57,aspect,brand,6,6,exact,True,brand,Matched via exact strategy
57,opinion,love purity aur emotions se bana,14,19,exact,True,love purity aur emotions se bana,Matched via exact strategy
58,aspect,nakami,3,3,exact,True,nakami,Matched via exact strategy
58,opinion,nakami wali konsi bat hai,3,7,exact,True,nakami wali konsi bat hai,Matched via exact strategy
58,aspect,intelligent classfellows,24,25,exact,True,intelligent classfellows,Matched via exact strategy
58,opinion,sirf larki hone ki waja se opportunities avail nhi karne din,27,37,exact,True,sirf larki hone ki waja se opportunities avail nhi karne din,Matched via exact strategy
58,aspect,ache log,44,45,exact,True,ache log,Matched via exact strategy
58,opinion,it s your luck ke apko ache log mil gaye,38,47,exact,True,it s your luck ke apko ache log mil gaye,Matched via exact strategy
59,aspect,leader,3,3,exact,True,leader,Matched via exact strategy
59,opinion,abhi bhi apne handle mein cm rakha hua hai,5,13,exact,True,abhi bhi apne handle mein cm rakha hua hai,Matched via exact strategy
59,aspect,pm,1,1,exact,True,pm,Matched via exact strategy
59,opinion,ye to phir pm tha,14,18,exact,True,ye to phir pm tha,Matched via exact strategy
60,aspect,khiladi,3,3,exact,True,khiladi,Matched via exact strategy
60,opinion,naman h ase,0,2,exact,True,naman h ase,Matched via exact strategy
61,aspect,dholak sir,1,2,exact,True,dholak sir,Matched via exact strategy
61,opinion,mandir chhod aata waha pandit apne trike se baja dete,4,13,exact,True,mandir chhod aata waha pandit apne trike se baja dete,Matched via exact strategy
61,aspect,iss dholki wale ko,14,17,exact,True,iss dholki wale ko,Matched via exact strategy
61,opinion,kanpur mai kya kr rhe ho dholakpur chle jaao chhota bheem intezar kar raha hoga aapka,20,35,exact,True,kanpur mai kya kr rhe ho dholakpur chle jaao chhota bheem intezar kar raha hoga aapka,Matched via exact strategy
62,aspect,nyaay,2,2,exact,True,nyaay,Matched via exact strategy
62,opinion,ab nyaay hoga,1,3,exact,True,ab nyaay hoga,Matched via exact strategy
62,aspect,purane b tech walo,6,9,exact,True,purane b tech walo,Matched via exact strategy
62,opinion,galti purane b tech walo ne ki,5,11,exact,True,galti purane b tech walo ne ki,Matched via exact strategy
62,aspect,naye b tech holder,14,17,exact,True,naye b tech holder,Matched via exact strategy
62,opinion,nhi krenge wo ladenge apne haq ke liye,18,25,exact,True,nhi krenge wo ladenge apne haq ke liye,Matched via exact strategy
62,aspect,future aspirants,29,30,exact,True,future aspirants,Matched via exact strategy
62,opinion,ladenge... future aspirants ke liye,29,32,approximate,False,future aspirants ke liye,Matched via approximate strategy
63,aspect,officer,3,3,exact,True,officer,Matched via exact strategy
63,opinion,kaam keray ga woi inauguration karaye ga na,4,11,exact,True,kaam keray ga woi inauguration karaye ga na,Matched via exact strategy
63,aspect,ac,14,14,exact,True,ac,Matched via exact strategy
63,opinion,apne ac ko pochain,13,16,exact,True,apne ac ko pochain,Matched via exact strategy
64,aspect,kashmri pandit,0,1,exact,True,kashmri pandit,Matched via exact strategy
64,opinion,manav hai hi nahi to adhikar kaisa,3,9,exact,True,manav hai hi nahi to adhikar kaisa,Matched via exact strategy
64,aspect,itihas,11,11,exact,True,itihas,Matched via exact strategy
64,opinion,apne itihas ko dekhiye 1975 emergency,10,15,exact,True,apne itihas ko dekhiye 1975 emergency,Matched via exact strategy
65,aspect,physics chemistry maths ke exams,2,6,exact,True,physics chemistry maths ke exams,Matched via exact strategy
65,opinion,lene he the,7,9,exact,True,lene he the,Matched via exact strategy
65,aspect,selective subjects,11,12,exact,True,selective subjects,Matched via exact strategy
65,opinion,time kiun zaya kia gya,14,18,exact,True,time kiun zaya kia gya,Matched via exact strategy
66,aspect,bb movie,3,4,exact,True,bb movie,Matched via exact strategy
66,opinion,aise hi trend karna top 4 trend me apne hi rakhna,6,16,exact,True,aise hi trend karna top 4 trend me apne hi rakhna,Matched via exact strategy
66,aspect,blockbuster express,21,22,exact,True,blockbuster express,Matched via exact strategy
66,opinion,8 years of blockbuster express,18,22,exact,True,8 years of blockbuster express,Matched via exact strategy
67,aspect,tweets,8,8,exact,True,tweets,Matched via exact strategy
67,opinion,thode boht apne ... bhi daal dete,5,11,approximate,False,thode boht apne tweets bhi daal dete,Matched via approximate strategy
68,aspect,ipznians,17,17,exact,True,ipznians,Matched via exact strategy
68,opinion,sabse aage honge,14,16,exact,True,sabse aage honge,Matched via exact strategy
68,aspect,show,29,29,exact,True,show,Matched via exact strategy
68,opinion,waapis laaye,26,27,exact,True,waapis laaye,Matched via exact strategy
68,aspect,ipzn2,33,33,exact,True,ipzn2,Matched via exact strategy
68,opinion,we want,31,32,exact,True,we want,Matched via exact strategy
69,aspect,editors of mhrw,7,9,exact,True,editors of mhrw,Matched via exact strategy
69,opinion,firse apne awkath peh aa gaye hey,0,6,exact,True,firse apne awkath peh aa gaye hey,Matched via exact strategy
70,aspect,walid sahb,14,15,exact,True,walid sahb,Matched via exact strategy
70,opinion,sehat e kamila shifa aur achi sehat wali lambi zindagi ata farmaye,17,28,exact,True,sehat e kamila shifa aur achi sehat wali lambi zindagi ata farmaye,Matched via exact strategy
71,aspect,maal,1,1,exact,True,maal,Matched via exact strategy
71,opinion,apne pas rakho,2,4,exact,True,apne pas rakho,Matched via exact strategy
72,aspect,logo ki baaton,1,3,exact,True,logo ki baaton,Matched via exact strategy
72,opinion,dhyaan mat do,5,7,exact,True,dhyaan mat do,Matched via exact strategy
72,aspect,apne aapko,8,9,exact,True,apne aapko,Matched via exact strategy
72,opinion,itna strong bana lo,10,13,exact,True,itna strong bana lo,Matched via exact strategy
72,aspect,bhagwaan,21,21,exact,True,bhagwaan,Matched via exact strategy
72,opinion,apke saath hain raasta woh hi dikhayega,22,28,exact,True,apke saath hain raasta woh hi dikhayega,Matched via exact strategy
73,aspect,ind,0,0,exact,True,ind,Matched via exact strategy
73,opinion,ye mandir masjid mein reh gaya,1,6,exact,True,ye mandir masjid mein reh gaya,Matched via exact strategy
73,aspect,development,13,13,exact,True,development,Matched via exact strategy
73,opinion,bharat ka naam tabhi badhega jb development hoga,7,14,exact,True,bharat ka naam tabhi badhega jb development hoga,Matched via exact strategy
73,aspect,guruji,21,21,exact,True,guruji,Matched via exact strategy
73,opinion,satta nai desh sambhalna seekhao,15,19,exact,True,satta nai desh sambhalna seekhao,Matched via exact strategy
74,aspect,haider,0,0,exact,True,haider,Matched via exact strategy
74,opinion,chutiyo ki kmi ni h paiso ke liye apne hi playero ko criticise krta h,1,15,exact,True,chutiyo ki kmi ni h paiso ke liye apne hi playero ko criticise krta h,Matched via exact strategy
75,aspect,khiloda,7,7,exact,True,khiloda,Matched via exact strategy
75,opinion,apne baap ko sabse neeche rakha hai,0,6,exact,True,apne baap ko sabse neeche rakha hai,Matched via exact strategy
75,aspect,star,14,14,exact,True,star,Matched via exact strategy
75,opinion,chindi,13,13,exact,True,chindi,Matched via exact strategy
76,aspect,saddar sb,2,3,exact,True,saddar sb,Matched via exact strategy
76,opinion,apne daant khud theek ker rae hon ya neend main bol rae hon,6,18,exact,True,apne daant khud theek ker rae hon ya neend main bol rae hon,Matched via exact strategy
77,aspect,jantar mantar,12,13,exact,True,jantar mantar,Matched via exact strategy
77,opinion,uspe to muh nahi khulega,19,23,exact,True,uspe to muh nahi khulega,Matched via exact strategy
77,aspect,you,24,24,exact,True,you,Matched via exact strategy
77,opinion,same as the bigots from across the border no difference at all,27,38,exact,True,same as the bigots from across the border no difference at all,Matched via exact strategy
78,aspect,security,4,4,exact,True,security,Matched via exact strategy
78,opinion,koi security nhi thi,3,6,exact,True,koi security nhi thi,Matched via exact strategy
78,aspect,system,11,11,exact,True,system,Matched via exact strategy
78,opinion,apne hisab se system par baith rhe the,8,15,exact,True,apne hisab se system par baith rhe the,Matched via exact strategy
78,aspect,paper,22,22,exact,True,paper,Matched via exact strategy
78,opinion,aapas me baat kar ke paper solve kar rhe the,17,26,exact,True,aapas me baat kar ke paper solve kar rhe the,Matched via exact strategy
79,aspect,chune hue sarkar,6,8,exact,True,chune hue sarkar,Matched via exact strategy
79,opinion,galtian nahi nikaloge,10,12,exact,True,galtian nahi nikaloge,Matched via exact strategy
79,aspect,political party,29,30,exact,True,political party,Matched via exact strategy
79,opinion,govt ki comparison dusre developing countries ke sath nahi karte,32,41,exact,True,govt ki comparison dusre developing countries ke sath nahi karte,Matched via exact strategy
79,aspect,independent voter,44,45,exact,True,independent voter,Matched via exact strategy
79,opinion,ye kam independent voter hi karega,42,47,exact,True,ye kam independent voter hi karega,Matched via exact strategy
80,aspect,fighter 17,4,5,exact,True,fighter 17,Matched via exact strategy
80,opinion,defense joint failure,1,3,exact,True,defense joint failure,Matched via exact strategy
80,aspect,pakistani,6,6,exact,True,pakistani,Matched via exact strategy
80,opinion,ghabrana nehi,9,10,exact,True,ghabrana nehi,Matched via exact strategy
81,aspect,golgappe wale,16,17,exact,True,golgappe wale,Matched via exact strategy
81,opinion,dubara kabhi nhi jayenge jisne free ki sukhi papdi dene se mna kra ho,20,33,exact,True,dubara kabhi nhi jayenge jisne free ki sukhi papdi dene se mna kra ho,Matched via exact strategy
81,aspect,ex,9,9,exact,True,ex,Matched via exact strategy
81,opinion,apna phir se katwane apne ex ke paas chale jayenge,4,13,exact,True,apna phir se katwane apne ex ke paas chale jayenge,Matched via exact strategy
82,aspect,vacancy,1,1,exact,True,vacancy,Matched via exact strategy
82,opinion,50000 vacancy ko baro,0,3,exact,True,50000 vacancy ko baro,Matched via exact strategy
82,aspect,back log post,8,10,exact,True,back log post,Matched via exact strategy
82,opinion,sc st obc k back log post ko baro,4,12,exact,True,sc st obc k back log post ko baro,Matched via exact strategy
82,aspect,sarkar,15,15,exact,True,sarkar,Matched via exact strategy
82,opinion,bahujano apne sarkar banaye,13,16,exact,True,bahujano apne sarkar banaye,Matched via exact strategy
82,aspect,scstobc teachers,18,19,exact,True,scstobc teachers,Matched via exact strategy
82,opinion,recruit,17,17,exact,True,recruit,Matched via exact strategy
83,aspect,cm,3,3,exact,True,cm,Matched via exact strategy
83,opinion,apne state ke issue par chup rehne par kusri chhodi hai,5,15,exact,True,apne state ke issue par chup rehne par kusri chhodi hai,Matched via exact strategy
83,aspect,kursi,21,21,exact,True,kursi,Matched via exact strategy
83,opinion,aap batoge ki usko kursi chhod deni chahiye,17,24,exact,True,aap batoge ki usko kursi chhod deni chahiye,Matched via exact strategy
84,aspect,tweet,7,7,exact,True,tweet,Matched via exact strategy
84,opinion,paid tweet ke liye offers leke aaye,6,12,exact,True,paid tweet ke liye offers leke aaye,Matched via exact strategy
85,aspect,claim,3,3,exact,True,claim,Matched via exact strategy
85,opinion,prove karne ka koi authentic chiz to hai nai,5,13,exact,True,prove karne ka koi authentic chiz to hai nai,Matched via exact strategy
85,aspect,batei,18,18,exact,True,batei,Matched via exact strategy
85,opinion,ird gird ki batei karke khudka majak udwate ho,15,23,exact,True,ird gird ki batei karke khudka majak udwate ho,Matched via exact strategy
86,aspect,innings,7,7,exact,True,innings,Matched via exact strategy
86,opinion,160 se sr ki jhi btayi thi,8,14,exact,True,160 se sr ki jhi btayi thi,Matched via exact strategy
87,aspect,kiye,11,11,exact,True,kiye,Matched via exact strategy
87,opinion,baraye meherbani apne kiye ko ja kar saaf karen,8,16,exact,True,baraye meherbani apne kiye ko ja kar saaf karen,Matched via exact strategy
88,aspect,peter pan,1,2,exact,True,peter pan,Matched via exact strategy
88,opinion,apko pta hai na k apne kitna tng kiya hoa hai sb toots,3,15,exact,True,apko pta hai na k apne kitna tng kiya hoa hai sb toots,Matched via exact strategy
89,aspect,vaccine registrations,4,5,exact,True,vaccine registrations,Matched via exact strategy
89,opinion,aaj se shuru ho chuke hain toh jaldi se apna aur apne parivaar ka vaccine slot book karaaiye,6,23,exact,True,aaj se shuru ho chuke hain toh jaldi se apna aur apne parivaar ka vaccine slot book karaaiye,Matched via exact strategy
90,aspect,religion,10,10,exact,True,religion,Matched via exact strategy
90,opinion,sar tan se juda apne hi religion ko dhang se pahdlo,4,14,exact,True,sar tan se juda apne hi religion ko dhang se pahdlo,Matched via exact strategy
91,aspect,batting,-1,-1,unmatched,False,,Matched via unmatched strategy
91,opinion,shameful me jeete aise to 25 off 20 bhi shameful ye shameful hai,0,12,exact,True,shameful me jeete aise to 25 off 20 bhi shameful ye shameful hai,Matched via exact strategy
92,aspect,political propaganda,4,5,exact,True,political propaganda,Matched via exact strategy
92,opinion,political propaganda kar rahe chamcho adhatiyo ko,4,10,exact,True,political propaganda kar rahe chamcho adhatiyo ko,Matched via exact strategy
93,aspect,crush,8,8,exact,True,crush,Matched via exact strategy
93,opinion,jeeeee bhar k delhi apne crush ko,4,9,approximate,False,bhar k delhi apne crush ko,Matched via approximate strategy
94,aspect,justice,13,13,exact,True,justice,Matched via exact strategy
94,opinion,kaun sa justice dila dia apne,11,16,exact,True,kaun sa justice dila dia apne,Matched via exact strategy
95,aspect,b p,12,13,exact,True,b p,Matched via exact strategy
95,opinion,tere kitne b p hain kon sa b p hai kon sa nahi hai ye tujhe khud bhi nahi pata hoga,16,36,exact,True,tere kitne b p hain kon sa b p hai kon sa nahi hai ye tujhe khud bhi nahi pata hoga,Matched via exact strategy
96,aspect,azadi,19,19,exact,True,azadi,Matched via exact strategy
96,opinion,zrorat se ziada azadi date hain to yh sb hota ey,16,26,exact,True,zrorat se ziada azadi date hain to yh sb hota ey,Matched via exact strategy
97,aspect,photo,4,4,exact,True,photo,Matched via exact strategy
97,opinion,apne bahnoi ka photo q laga liya,1,7,exact,True,apne bahnoi ka photo q laga liya,Matched via exact strategy
98,aspect,khel,7,7,exact,True,khel,Matched via exact strategy
98,opinion,1 decade se ban rha,2,6,exact,True,1 decade se ban rha,Matched via exact strategy
98,aspect,sports,18,18,exact,True,sports,Matched via exact strategy
98,opinion,ye halat h sports ki india m,15,21,exact,True,ye halat h sports ki india m,Matched via exact strategy
99,aspect,baap,18,18,exact,True,baap,Matched via exact strategy
99,opinion,paida hote vkt dekha tha,12,16,exact,True,paida hote vkt dekha tha,Matched via exact strategy
100,aspect,khiladi,32,32,exact,True,khiladi,Matched via exact strategy
100,opinion,olympic me ek bhi khiladi nahi gya,28,34,exact,True,olympic me ek bhi khiladi nahi gya,Matched via exact strategy
100,aspect,talents,45,45,exact,True,talents,Matched via exact strategy
100,opinion,talents ki kami nahi hai,45,49,exact,True,talents ki kami nahi hai,Matched via exact strategy
101,aspect,queen,0,0,exact,True,queen,Matched via exact strategy
101,opinion,achha achha mujhe lga aap apne love at 1st side wale ka explain kr rhe,1,15,exact,True,achha achha mujhe lga aap apne love at 1st side wale ka explain kr rhe,Matched via exact strategy
102,aspect,talent,22,22,exact,True,talent,Matched via exact strategy
102,opinion,apne talent ko insaniyat k liye use kr,21,28,exact,True,apne talent ko insaniyat k liye use kr,Matched via exact strategy
102,aspect,paisa,36,36,exact,True,paisa,Matched via exact strategy
102,opinion,paiso ke liye apna jameer mt bechna,29,35,exact,True,paiso ke liye apna jameer mt bechna,Matched via exact strategy
103,aspect,raasan,11,11,exact,True,raasan,Matched via exact strategy
103,opinion,itni bekar raasan kyu denge wo b achhe se jaante h ki wo janta k kitne lokpriya h to bhala modi ji us lokpriya janta ko itna kharaab raasan kyu denge,9,39,exact,True,itni bekar raasan kyu denge wo b achhe se jaante h ki wo janta k kitne lokpriya h to bhala modi ji us lokpriya janta ko itna kharaab raasan kyu denge,Matched via exact strategy
104,aspect,toot,12,12,exact,True,toot,Matched via exact strategy
104,opinion,bahot mithi rahti hai bahot khate hai,22,28,exact,True,bahot mithi rahti hai bahot khate hai,Matched via exact strategy
105,aspect,parda,20,20,exact,True,parda,Matched via exact strategy
105,opinion,parda karne mein kia galat hai,20,25,exact,True,parda karne mein kia galat hai,Matched via exact strategy
105,aspect,fashion,27,27,exact,True,fashion,Matched via exact strategy
105,opinion,fashion karna chahte hain apne husband ke liye kerien,27,35,exact,True,fashion karna chahte hain apne husband ke liye kerien,Matched via exact strategy
106,aspect,name correction,8,9,exact,True,name correction,Matched via exact strategy
106,opinion,mansik tanav se door kijie,26,30,exact,True,mansik tanav se door kijie,Matched via exact strategy
107,aspect,chopra1,2,2,exact,True,chopra1,Matched via exact strategy
107,opinion,husti ekdum mast hai,23,25,normalized,True,ekdum mast hai,Matched via normalized strategy
108,aspect,nirajchopra,1,1,exact,True,nirajchopra,Matched via exact strategy
108,opinion,jugg jugg jio mere lal allah tumko hamesha khush rakhe apne hifz o imaan mein rakhe aameen,2,18,exact,True,jugg jugg jio mere lal allah tumko hamesha khush rakhe apne hifz o imaan mein rakhe aameen,Matched via exact strategy
109,aspect,hashtag,2,2,exact,True,hashtag,Matched via exact strategy
109,opinion,use nahi karoge apne tweet mei to chalega trend is over,3,13,exact,True,use nahi karoge apne tweet mei to chalega trend is over,Matched via exact strategy
109,aspect,trend,11,11,exact,True,trend,Matched via exact strategy
109,opinion,is over,12,13,exact,True,is over,Matched via exact strategy
110,aspect,squad,5,5,exact,True,squad,Matched via exact strategy
110,opinion,boldo sid ko troll karna band kardo,7,13,exact,True,boldo sid ko troll karna band kardo,Matched via exact strategy
110,aspect,sid,8,8,exact,True,sid,Matched via exact strategy
110,opinion,troll karna band kardo,10,13,exact,True,troll karna band kardo,Matched via exact strategy
110,aspect,asim,15,15,exact,True,asim,Matched via exact strategy
110,opinion,troll karna band kar denge,17,21,exact,True,troll karna band kar denge,Matched via exact strategy
111,aspect,tweets,2,2,exact,True,tweets,Matched via exact strategy
111,opinion,poison girl tweets,0,2,exact,True,poison girl tweets,Matched via exact strategy
112,aspect,bat,0,0,exact,True,bat,Matched via exact strategy
112,opinion,yekdam shahi h,1,3,exact,True,yekdam shahi h,Matched via exact strategy
113,aspect,dna,5,5,exact,True,dna,Matched via exact strategy
113,opinion,same dna wale apne hi log tumara ac udva denge,4,13,exact,True,same dna wale apne hi log tumara ac udva denge,Matched via exact strategy
114,aspect,vote,11,11,exact,True,vote,Matched via exact strategy
114,opinion,apne aap ka hi hoga,12,16,exact,True,apne aap ka hi hoga,Matched via exact strategy
115,aspect,bablu bhayya,2,3,exact,True,bablu bhayya,Matched via exact strategy
115,opinion,apne ghar ka koi aadmi raasta bhatak jaaye to usko samjhaaya jaata hai waapas raaste par laya jaata hai,5,23,exact,True,apne ghar ka koi aadmi raasta bhatak jaaye to usko samjhaaya jaata hai waapas raaste par laya jaata hai,Matched via exact strategy
116,aspect,rajnitik mansik aapda,1,3,exact,True,rajnitik mansik aapda,Matched via exact strategy
116,opinion,dusit rajnitik mansik aapda se to apne aapko bacha nahi paye,0,10,exact,True,dusit rajnitik mansik aapda se to apne aapko bacha nahi paye,Matched via exact strategy
116,aspect,natural aapada,12,13,exact,True,natural aapada,Matched via exact strategy
116,opinion,natural aapada se bachane ki bat karte hai,12,19,exact,True,natural aapada se bachane ki bat karte hai,Matched via exact strategy
116,aspect,mp atitith sikshak,20,22,exact,True,mp atitith sikshak,Matched via exact strategy
116,opinion,isaka jeeta jagata example hai,23,27,exact,True,isaka jeeta jagata example hai,Matched via exact strategy
117,aspect,friends,7,7,exact,True,friends,Matched via exact strategy
117,opinion,supporting friends,6,7,exact,True,supporting friends,Matched via exact strategy
117,aspect,cousin,9,9,exact,True,cousin,Matched via exact strategy
117,opinion,cousin bas wo bechare fikar na karein,9,15,exact,True,cousin bas wo bechare fikar na karein,Matched via exact strategy
117,aspect,dosto,31,31,exact,True,dosto,Matched via exact strategy
117,opinion,dosto ko itna affection diya hota,31,36,exact,True,dosto ko itna affection diya hota,Matched via exact strategy
118,aspect,confidence,14,14,exact,True,confidence,Matched via exact strategy
118,opinion,apne app ko khud secret msgs kr ke dil bhla lete ho,0,11,exact,True,apne app ko khud secret msgs kr ke dil bhla lete ho,Matched via exact strategy
119,aspect,fear,4,4,exact,True,fear,Matched via exact strategy
119,opinion,that s not dar fear that s emotional intelligence,0,8,exact,True,that s not dar fear that s emotional intelligence,Matched via exact strategy
119,aspect,emotional intelligence,7,8,exact,True,emotional intelligence,Matched via exact strategy
119,opinion,an art to not get provoked unnecessarily,9,15,exact,True,an art to not get provoked unnecessarily,Matched via exact strategy
120,aspect,teacher,7,7,exact,True,teacher,Matched via exact strategy
120,opinion,took direct your name saying apne bola ki cm nai chahate aplog ki appointments faltu man,13,28,exact,True,took direct your name saying apne bola ki cm nai chahate aplog ki appointments faltu man,Matched via exact strategy
121,aspect,madarsa,5,5,exact,True,madarsa,Matched via exact strategy
121,opinion,bechare gareeb musalmano ki jameen hadap k bnai h,11,19,exact,True,bechare gareeb musalmano ki jameen hadap k bnai h,Matched via exact strategy
121,aspect,abdul,0,0,exact,True,abdul,Matched via exact strategy
121,opinion,tu to apne hi musalmano ka nhi ho paya re abdul tu humara kya hoga,22,36,exact,True,tu to apne hi musalmano ka nhi ho paya re abdul tu humara kya hoga,Matched via exact strategy
122,aspect,nagar nigam,16,17,exact,True,nagar nigam,Matched via exact strategy
122,opinion,2 saal se zyda ho gye bt koi safai nhi i am not sure nagar nigam ko ye pics kyu nhi dikhti,2,23,exact,True,2 saal se zyda ho gye bt koi safai nhi i am not sure nagar nigam ko ye pics kyu nhi dikhti,Matched via exact strategy
123,aspect,clarke,0,0,exact,True,clarke,Matched via exact strategy
123,opinion,apne fd me hi itni gaaliya khayi hai,1,8,exact,True,apne fd me hi itni gaaliya khayi hai,Matched via exact strategy
124,aspect,rathee,0,0,exact,True,rathee,Matched via exact strategy
124,opinion,murkh ho tum log jo apne dharma k against khade ho jaate ho,12,24,exact,True,murkh ho tum log jo apne dharma k against khade ho jaate ho,Matched via exact strategy
125,aspect,sarkar,4,4,exact,True,sarkar,Matched via exact strategy
125,opinion,abhi to modi ji sarkar hai usko chahye achha stedium imarat college ya aise hi kuch bana ke us main apne naam de,0,22,exact,True,abhi to modi ji sarkar hai usko chahye achha stedium imarat college ya aise hi kuch bana ke us main apne naam de,Matched via exact strategy
125,aspect,stedium,9,9,exact,True,stedium,Matched via exact strategy
125,opinion,achha stedium imarat college ya aise hi kuch bana ke,8,17,exact,True,achha stedium imarat college ya aise hi kuch bana ke,Matched via exact strategy
125,aspect,college,11,11,exact,True,college,Matched via exact strategy
125,opinion,achha stedium imarat college ya aise hi kuch bana ke,8,17,exact,True,achha stedium imarat college ya aise hi kuch bana ke,Matched via exact strategy
126,aspect,girl,0,0,exact,True,girl,Matched via exact strategy
126,opinion,ufffff nadan parinde shaitan mujhe apne was wase me dal rah the isliye astaghfirullah,5,18,exact,True,ufffff nadan parinde shaitan mujhe apne was wase me dal rah the isliye astaghfirullah,Matched via exact strategy
127,aspect,guard,21,21,exact,True,guard,Matched via exact strategy
127,opinion,poori politic assembly tuman salam kare gi,24,30,exact,True,poori politic assembly tuman salam kare gi,Matched via exact strategy
128,aspect,andolan,2,2,exact,True,andolan,Matched via exact strategy
128,opinion,farzi kisan andolan ke liye koi permission nhi chahiye,0,8,exact,True,farzi kisan andolan ke liye koi permission nhi chahiye,Matched via exact strategy
128,aspect,andolan,2,2,exact,True,andolan,Matched via exact strategy
128,opinion,shaheen bagh me farzi andolan or roads blok kr skte ha,12,22,exact,True,shaheen bagh me farzi andolan or roads blok kr skte ha,Matched via exact strategy
128,aspect,secularism,34,34,exact,True,secularism,Matched via exact strategy
128,opinion,hindu apne desh me equal laws ki maang kre to secularism khatre me agya,24,37,exact,True,hindu apne desh me equal laws ki maang kre to secularism khatre me agya,Matched via exact strategy
129,aspect,express,14,14,exact,True,express,Matched via exact strategy
129,opinion,blockbuster,13,13,exact,True,blockbuster,Matched via exact strategy
130,aspect,styling,23,23,exact,True,styling,Matched via exact strategy
130,opinion,assisted by styling mua hair accessories location jethmalani,21,28,exact,True,assisted by styling mua hair accessories location jethmalani,Matched via exact strategy
130,aspect,hair accessories,25,26,exact,True,hair accessories,Matched via exact strategy
130,opinion,hair accessories location jethmalani,25,28,exact,True,hair accessories location jethmalani,Matched via exact strategy
131,aspect,biwi,39,39,exact,True,biwi,Matched via exact strategy
131,opinion,looking cute n hot,52,55,exact,True,looking cute n hot,Matched via exact strategy
132,aspect,tweet,7,7,exact,True,tweet,Matched via exact strategy
132,opinion,shout dun recent tweet pr ja kr apne handle drop krdein,4,14,exact,True,shout dun recent tweet pr ja kr apne handle drop krdein,Matched via exact strategy
133,aspect,tweet,4,4,exact,True,tweet,Matched via exact strategy
133,opinion,pahle tweet me hi kar di thi,3,9,exact,True,pahle tweet me hi kar di thi,Matched via exact strategy
134,aspect,sanjay ji,0,1,exact,True,sanjay ji,Matched via exact strategy
134,opinion,na to apne or na hi apke cm kejriwal ne delhi ke jantar mantar par us atanki sanghathan bke khilaf kuch bola,2,23,exact,True,na to apne or na hi apke cm kejriwal ne delhi ke jantar mantar par us atanki sanghathan bke khilaf kuch bola,Matched via exact strategy
134,aspect,cm,9,9,exact,True,cm,Matched via exact strategy
134,opinion,na hi apke cm kejriwal ne delhi ke jantar mantar par us atanki sanghathan bke khilaf kuch bola,6,23,exact,True,na hi apke cm kejriwal ne delhi ke jantar mantar par us atanki sanghathan bke khilaf kuch bola,Matched via exact strategy
134,aspect,hindu voters,27,28,exact,True,hindu voters,Matched via exact strategy
134,opinion,kya aap bhi hindu voters ko khus karne me lage hai,24,34,exact,True,kya aap bhi hindu voters ko khus karne me lage hai,Matched via exact strategy
135,aspect,abhinav,0,0,exact,True,abhinav,Matched via exact strategy
135,opinion,sara iljam apne upr le liya gentleman for a reason love you,2,7,approximate,False,sara iljam apne upr le liya,Matched via approximate strategy
136,aspect,neta,-1,-1,unmatched,False,,Matched via unmatched strategy
136,opinion,hindu mislim karke apni dukaan chalaenge,0,5,exact,True,hindu mislim karke apni dukaan chalaenge,Matched via exact strategy
137,aspect,sushant,1,1,exact,True,sushant,Matched via exact strategy
137,opinion,apne aap se as long as you know the why of doing what you do you don t need an inspiration,2,22,exact,True,apne aap se as long as you know the why of doing what you do you don t need an inspiration,Matched via exact strategy
138,aspect,ringtone,4,4,exact,True,ringtone,Matched via exact strategy
138,opinion,free download,5,6,exact,True,free download,Matched via exact strategy
139,aspect,ringtone,4,4,exact,True,ringtone,Matched via exact strategy
139,opinion,free download,5,6,exact,True,free download,Matched via exact strategy
140,aspect,caa,1,1,exact,True,caa,Matched via exact strategy
140,opinion,caa se aapne ek cutt off date tak india aaye non muslim refugees ko citizenship diya,1,16,exact,True,caa se aapne ek cutt off date tak india aaye non muslim refugees ko citizenship diya,Matched via exact strategy
140,aspect,refugees,13,13,exact,True,refugees,Matched via exact strategy
140,opinion,refugees citizenship pakar apne pairo par khade hokar aage badhenge,39,48,exact,True,refugees citizenship pakar apne pairo par khade hokar aage badhenge,Matched via exact strategy
141,aspect,news,0,0,exact,True,news,Matched via exact strategy
141,opinion,agar marriage ka time badha kar de to security apne aap kam lagani padegi,1,14,exact,True,agar marriage ka time badha kar de to security apne aap kam lagani padegi,Matched via exact strategy
141,aspect,security,9,9,exact,True,security,Matched via exact strategy
141,opinion,apne aap kam lagani padegi,10,14,exact,True,apne aap kam lagani padegi,Matched via exact strategy
142,aspect,larka,5,5,exact,True,larka,Matched via exact strategy
142,opinion,apne sewa ur koi larka nai kia bat ha bro ap ki,1,12,exact,True,apne sewa ur koi larka nai kia bat ha bro ap ki,Matched via exact strategy
143,aspect,notification,2,2,exact,True,notification,Matched via exact strategy
143,opinion,abh notification aayga,3,5,exact,True,abh notification aayga,Matched via exact strategy
143,aspect,examination,7,7,exact,True,examination,Matched via exact strategy
143,opinion,abh examination hoga,6,8,exact,True,abh examination hoga,Matched via exact strategy
143,aspect,exam,10,10,exact,True,exam,Matched via exact strategy
143,opinion,exam ke time virus yaad aata hai,10,16,exact,True,exam ke time virus yaad aata hai,Matched via exact strategy
143,aspect,politicians,20,20,exact,True,politicians,Matched via exact strategy
143,opinion,doing rallies without mask and at that point of time there is no virus,21,34,exact,True,doing rallies without mask and at that point of time there is no virus,Matched via exact strategy
143,aspect,jrf age criteria,37,39,exact,True,jrf age criteria,Matched via exact strategy
143,opinion,apne hi set kra hai,40,44,exact,True,apne hi set kra hai,Matched via exact strategy
144,aspect,patrakaro,19,19,exact,True,patrakaro,Matched via exact strategy
144,opinion,berojgar patrakaro ko kaun samjaye,18,22,exact,True,berojgar patrakaro ko kaun samjaye,Matched via exact strategy
145,aspect,hero,28,28,exact,True,hero,Matched via exact strategy
145,opinion,minnatain kar raha tha k apne souur to utha lo badboo aarahi hay magar phattu aa hi nahi rahay thay,29,48,exact,True,minnatain kar raha tha k apne souur to utha lo badboo aarahi hay magar phattu aa hi nahi rahay thay,Matched via exact strategy
146,aspect,tea,3,3,exact,True,tea,Matched via exact strategy
146,opinion,pilao apne haatho s,4,7,exact,True,pilao apne haatho s,Matched via exact strategy
147,aspect,friend,15,15,exact,True,friend,Matched via exact strategy
147,opinion,message na kro or apni oqaat dekh loo,17,24,exact,True,message na kro or apni oqaat dekh loo,Matched via exact strategy
148,aspect,soch,13,13,exact,True,soch,Matched via exact strategy
148,opinion,jhatu soch apne pass rakh,12,16,exact,True,jhatu soch apne pass rakh,Matched via exact strategy
149,aspect,life,6,6,exact,True,life,Matched via exact strategy
149,opinion,jee nhi hai na cries in despair,7,13,exact,True,jee nhi hai na cries in despair,Matched via exact strategy
150,aspect,bapu,4,4,exact,True,bapu,Matched via exact strategy
150,opinion,najayaz bapu ko bol ki paris toh kya woh koi sarkaar chalane ka aukaat nahi rakhta,3,18,exact,True,najayaz bapu ko bol ki paris toh kya woh koi sarkaar chalane ka aukaat nahi rakhta,Matched via exact strategy
150,aspect,sarkaar,13,13,exact,True,sarkaar,Matched via exact strategy
150,opinion,sarkaar chalane ka aukaat nahi rakhta,13,18,exact,True,sarkaar chalane ka aukaat nahi rakhta,Matched via exact strategy
150,aspect,vote,24,24,exact,True,vote,Matched via exact strategy
150,opinion,hindu vote kaise mile,23,26,exact,True,hindu vote kaise mile,Matched via exact strategy
150,aspect,lecture,38,38,exact,True,lecture,Matched via exact strategy
150,opinion,jaa lecture maar apne baap modia aur yati ko,37,45,exact,True,jaa lecture maar apne baap modia aur yati ko,Matched via exact strategy
151,aspect,transformer,26,26,exact,True,transformer,Matched via exact strategy
151,opinion,jb mn chahe transformer pr ja kar light kat de,23,32,exact,True,jb mn chahe transformer pr ja kar light kat de,Matched via exact strategy
151,aspect,light,30,30,exact,True,light,Matched via exact strategy
151,opinion,pura gaon ka light band kar de,41,47,exact,True,pura gaon ka light band kar de,Matched via exact strategy
152,aspect,ajittyagi,0,0,exact,True,ajittyagi,Matched via exact strategy
152,opinion,jisse private school hospital apne fayde ka dikh rha usse koi kabhi zindagi me nhi sumjha sakta,1,17,exact,True,jisse private school hospital apne fayde ka dikh rha usse koi kabhi zindagi me nhi sumjha sakta,Matched via exact strategy
153,aspect,dimag,3,3,exact,True,dimag,Matched via exact strategy
153,opinion,apne dimag k ghode mt chla zyda,2,8,exact,True,apne dimag k ghode mt chla zyda,Matched via exact strategy
154,aspect,divine,0,0,exact,True,divine,Matched via exact strategy
154,opinion,dm m block kr rkha hai,8,13,exact,True,dm m block kr rkha hai,Matched via exact strategy
155,aspect,club,10,10,exact,True,club,Matched via exact strategy
155,opinion,bahut dukh ho raha muje apne club pe,4,11,exact,True,bahut dukh ho raha muje apne club pe,Matched via exact strategy
156,aspect,user name,4,5,exact,True,user name,Matched via exact strategy
156,opinion,sirf anchal ya aura user name rkhne se koi uska fan ni bnta,0,12,exact,True,sirf anchal ya aura user name rkhne se koi uska fan ni bnta,Matched via exact strategy
156,aspect,drama,29,29,exact,True,drama,Matched via exact strategy
156,opinion,ye jo bhi drama chl ra bb hashtag mai ye kisi bhi fan ka kiya dhara ni h,26,43,exact,True,ye jo bhi drama chl ra bb hashtag mai ye kisi bhi fan ka kiya dhara ni h,Matched via exact strategy
157,aspect,congress,3,3,exact,True,congress,Matched via exact strategy
157,opinion,rumours ki duniya aur vijaya ke sapne dekh rahe hai kuch to fact check karva lo apne assistant se fir kehte ho ki congress is not involved in spreading rumours shame on you,15,47,exact,True,rumours ki duniya aur vijaya ke sapne dekh rahe hai kuch to fact check karva lo apne assistant se fir kehte ho ki congress is not involved in spreading rumours shame on you,Matched via exact strategy
158,aspect,gov,24,24,normalized,True,govt,Matched via normalized strategy
158,opinion,goa me beef ban kyu nhi karwa pa rhi hai bcoz inko sirf vote chaiye,40,54,exact,True,goa me beef ban kyu nhi karwa pa rhi hai bcoz inko sirf vote chaiye,Matched via exact strategy
158,aspect,sarkar,39,39,exact,True,sarkar,Matched via exact strategy
158,opinion,hinduvad ki sarkar goa me beef ban kyu nhi karwa pa rhi hai,37,49,exact,True,hinduvad ki sarkar goa me beef ban kyu nhi karwa pa rhi hai,Matched via exact strategy
159,aspect,itihash,24,24,exact,True,itihash,Matched via exact strategy
159,opinion,itihash nahi unka pr h maratha khood mughal ke naukar ke naukar the,24,36,exact,True,itihash nahi unka pr h maratha khood mughal ke naukar ke naukar the,Matched via exact strategy
159,aspect,maratha,4,4,exact,True,maratha,Matched via exact strategy
159,opinion,maratha lootere the unhone apne sath mulle pindari ko sath rakha,8,18,exact,True,maratha lootere the unhone apne sath mulle pindari ko sath rakha,Matched via exact strategy
160,aspect,fd,23,23,exact,True,fd,Matched via exact strategy
160,opinion,harkaten,25,25,exact,True,harkaten,Matched via exact strategy
161,aspect,rathee,0,0,exact,True,rathee,Matched via exact strategy
161,opinion,apne ghar mein baithenge,12,15,exact,True,apne ghar mein baithenge,Matched via exact strategy
161,aspect,rss bjp,37,38,exact,True,rss bjp,Matched via exact strategy
161,opinion,hinduo ki kuchh nahi padi inhe bad election jeetne se matlab hai,41,52,exact,True,hinduo ki kuchh nahi padi inhe bad election jeetne se matlab hai,Matched via exact strategy
162,aspect,commitment,8,8,exact,True,commitment,Matched via exact strategy
162,opinion,maine ek bar ji commitment kardi to mai apne apki bhi ni sunta,4,16,exact,True,maine ek bar ji commitment kardi to mai apne apki bhi ni sunta,Matched via exact strategy
163,aspect,playing,23,23,exact,True,playing,Matched via exact strategy
163,opinion,what if she is playing so i better keep quiet,19,28,exact,True,what if she is playing so i better keep quiet,Matched via exact strategy
164,aspect,father,28,28,normalized,True,fathers,Matched via normalized strategy
164,opinion,emotionally unavailable as hell hotay hain desi fathers but the approach will always be of blaming the victim,21,38,exact,True,emotionally unavailable as hell hotay hain desi fathers but the approach will always be of blaming the victim,Matched via exact strategy
164,aspect,approach,31,31,exact,True,approach,Matched via exact strategy
164,opinion,the approach will always be of blaming the victim,30,38,exact,True,the approach will always be of blaming the victim,Matched via exact strategy
165,aspect,veer,3,3,exact,True,veer,Matched via exact strategy
165,opinion,honsla rakh marukh ko dikhae,4,8,exact,True,honsla rakh marukh ko dikhae,Matched via exact strategy
166,aspect,khiladiyon,1,1,exact,True,khiladiyon,Matched via exact strategy
166,opinion,apne ghar mein chupchap baithe the,21,26,exact,True,apne ghar mein chupchap baithe the,Matched via exact strategy
166,aspect,sonu bhaiya,48,49,exact,True,sonu bhaiya,Matched via exact strategy
166,opinion,desh ka ek hero hai,43,47,exact,True,desh ka ek hero hai,Matched via exact strategy
167,aspect,pratik,24,24,exact,True,pratik,Matched via exact strategy
167,opinion,interesting,26,26,exact,True,interesting,Matched via exact strategy
168,aspect,sarkar,0,0,exact,True,sarkar,Matched via exact strategy
168,opinion,apka hi to kaam tha jo apne nhi kiya,2,10,exact,True,apka hi to kaam tha jo apne nhi kiya,Matched via exact strategy
168,aspect,kaam,5,5,exact,True,kaam,Matched via exact strategy
168,opinion,apne nhi kiya,8,10,exact,True,apne nhi kiya,Matched via exact strategy
169,aspect,trophy,4,4,exact,True,trophy,Matched via exact strategy
169,opinion,kaha hai,5,6,exact,True,kaha hai,Matched via exact strategy
169,aspect,runs,7,7,exact,True,runs,Matched via exact strategy
169,opinion,kya apne shirt par chipka ke chalega vo,8,15,exact,True,kya apne shirt par chipka ke chalega vo,Matched via exact strategy
170,aspect,bhash,-1,-1,unmatched,False,,Matched via unmatched strategy
170,opinion,inse bahash karke apne time waste mat karo,10,17,exact,True,inse bahash karke apne time waste mat karo,Matched via exact strategy
170,aspect,dadagiri,24,24,exact,True,dadagiri,Matched via exact strategy
170,opinion,aek lappar mein hi sara iski dadagiri nikal jayegi,18,26,exact,True,aek lappar mein hi sara iski dadagiri nikal jayegi,Matched via exact strategy
171,aspect,subscribe,1,1,exact,True,subscribe,Matched via exact strategy
171,opinion,subscribe karke our apne followers ko bol ke karavo,1,9,exact,True,subscribe karke our apne followers ko bol ke karavo,Matched via exact strategy
172,aspect,brahman,8,8,exact,True,brahman,Matched via exact strategy
172,opinion,rape karme ke expert jo ki bharat ke brahman hai,0,9,exact,True,rape karme ke expert jo ki bharat ke brahman hai,Matched via exact strategy
173,aspect,bitch,5,5,exact,True,bitch,Matched via exact strategy
173,opinion,loyal to h apne malik ke sth,10,16,exact,True,loyal to h apne malik ke sth,Matched via exact strategy
174,aspect,streaming,23,23,exact,True,streaming,Matched via exact strategy
174,opinion,tera kam hain streaming karna,20,24,exact,True,tera kam hain streaming karna,Matched via exact strategy
174,aspect,comments,26,26,exact,True,comments,Matched via exact strategy
174,opinion,100k comments karna,25,27,exact,True,100k comments karna,Matched via exact strategy
174,aspect,reel,28,28,exact,True,reel,Matched via exact strategy
174,opinion,reel bana,28,29,exact,True,reel bana,Matched via exact strategy
175,aspect,carrier,22,22,exact,True,carrier,Matched via exact strategy
175,opinion,carrier bhi kharab,22,24,exact,True,carrier bhi kharab,Matched via exact strategy
175,aspect,time,25,25,exact,True,time,Matched via exact strategy
175,opinion,time bhi khrab,25,27,exact,True,time bhi khrab,Matched via exact strategy
175,aspect,sarkar,36,36,exact,True,sarkar,Matched via exact strategy
175,opinion,sarkar kan me rui dale bethi hai,36,42,exact,True,sarkar kan me rui dale bethi hai,Matched via exact strategy
176,aspect,bhai,7,7,exact,True,bhai,Matched via exact strategy
176,opinion,ye bolo in innocent ko g0li naa maarein,8,15,exact,True,ye bolo in innocent ko g0li naa maarein,Matched via exact strategy
177,aspect,reel,37,37,exact,True,reel,Matched via exact strategy
177,opinion,ajke reel banao,37,38,approximate,False,reel banao,Matched via approximate strategy
178,aspect,veg biryani,5,6,exact,True,veg biryani,Matched via exact strategy
178,opinion,there s nothing like veg biryani it s veg pulao,1,10,exact,True,there s nothing like veg biryani it s veg pulao,Matched via exact strategy
179,aspect,fav,4,4,exact,True,fav,Matched via exact strategy
179,opinion,apne fav bna liye y ni,3,8,exact,True,apne fav bna liye y ni,Matched via exact strategy
180,aspect,world,38,38,exact,True,world,Matched via exact strategy
180,opinion,delululu world mein rehne dein,37,41,exact,True,delululu world mein rehne dein,Matched via exact strategy
181,aspect,secularism,12,12,exact,True,secularism,Matched via exact strategy
181,opinion,dhong,14,14,exact,True,dhong,Matched via exact strategy
181,aspect,hindu dharm sanskriti,38,40,exact,True,hindu dharm sanskriti,Matched via exact strategy
181,opinion,gali dete,42,43,exact,True,gali dete,Matched via exact strategy
181,aspect,desh,34,34,exact,True,desh,Matched via exact strategy
181,opinion,badnam krte,36,37,exact,True,badnam krte,Matched via exact strategy
182,aspect,ye,0,0,exact,True,ye,Matched via exact strategy
182,opinion,mai bhi kr lu apne alt ke sth isme kya naya hai be,2,14,exact,True,mai bhi kr lu apne alt ke sth isme kya naya hai be,Matched via exact strategy
183,aspect,pyaar,16,16,exact,True,pyaar,Matched via exact strategy
183,opinion,dilo mai adh vichkaare ohi hath shuda jnde,17,24,exact,True,dilo mai adh vichkaare ohi hath shuda jnde,Matched via exact strategy
184,aspect,pee,11,11,exact,True,pee,Matched via exact strategy
184,opinion,apne kbi achi bani hui nhe hogi,6,13,approximate,False,apne kbi achi bani hui pee nhe hogi,Matched via approximate strategy
185,aspect,oci card,2,3,exact,True,oci card,Matched via exact strategy
185,opinion,size kya hota hai apne bete se puchh ke bataiye,5,14,exact,True,size kya hota hai apne bete se puchh ke bataiye,Matched via exact strategy
186,aspect,assist,0,0,exact,True,assist,Matched via exact strategy
186,opinion,all ready kar chuka,1,4,exact,True,all ready kar chuka,Matched via exact strategy
186,aspect,dm,5,5,exact,True,dm,Matched via exact strategy
186,opinion,apne number,6,7,exact,True,apne number,Matched via exact strategy
187,aspect,kaam,1,1,exact,True,kaam,Matched via exact strategy
187,opinion,manmohan singh ji hi kar skte hai kyonki vo future ke bare me sochte hai,3,17,exact,True,manmohan singh ji hi kar skte hai kyonki vo future ke bare me sochte hai,Matched via exact strategy
187,aspect,soch,28,28,exact,True,soch,Matched via exact strategy
187,opinion,nafrat kaise falai jaye iske siva koi soch hai hi nhi,21,31,exact,True,nafrat kaise falai jaye iske siva koi soch hai hi nhi,Matched via exact strategy
187,aspect,kisan,37,37,exact,True,kisan,Matched via exact strategy
187,opinion,ghar pr hote na ki border pr baithe hote,40,48,exact,True,ghar pr hote na ki border pr baithe hote,Matched via exact strategy
188,aspect,follower,8,8,exact,True,follower,Matched via exact strategy
188,opinion,apne follower or fallowing ko b dekhe na,7,14,exact,True,apne follower or fallowing ko b dekhe na,Matched via exact strategy
188,aspect,fallowing,10,10,exact,True,fallowing,Matched via exact strategy
188,opinion,apne follower or fallowing ko b dekhe na,7,14,exact,True,apne follower or fallowing ko b dekhe na,Matched via exact strategy
188,aspect,fallow back,18,19,exact,True,fallow back,Matched via exact strategy
188,opinion,app b fallow back de,16,20,exact,True,app b fallow back de,Matched via exact strategy
189,aspect,job,4,4,exact,True,job,Matched via exact strategy
189,opinion,apne italian dosto ko dega,6,10,exact,True,apne italian dosto ko dega,Matched via exact strategy
190,aspect,history,1,1,exact,True,history,Matched via exact strategy
190,opinion,kise padi h,3,5,exact,True,kise padi h,Matched via exact strategy
190,aspect,pic,12,12,exact,True,pic,Matched via exact strategy
190,opinion,apne fayde ke hisaab se share krdi,7,14,approximate,False,apne fayde ke hisaab se pic share krdi,Matched via approximate strategy
190,aspect,dalali,29,29,exact,True,dalali,Matched via exact strategy
190,opinion,lge rehte h,26,28,exact,True,lge rehte h,Matched via exact strategy
190,aspect,pad,34,34,exact,True,pad,Matched via exact strategy
190,opinion,kya pta koi mil jaye,31,36,approximate,False,kya pta koi pad mil jaye,Matched via approximate strategy
191,aspect,sre,0,0,exact,True,sre,Matched via exact strategy
191,opinion,apne apne kma ch busy rehnde a,1,7,exact,True,apne apne kma ch busy rehnde a,Matched via exact strategy
192,aspect,mamu zad bhai,2,4,exact,True,mamu zad bhai,Matched via exact strategy
192,opinion,khobsorat,1,1,exact,True,khobsorat,Matched via exact strategy
192,aspect,khala zad bhai,10,12,exact,True,khala zad bhai,Matched via exact strategy
192,opinion,kesath unke ghar main chand aks,15,20,exact,True,kesath unke ghar main chand aks,Matched via exact strategy
193,aspect,shehnaaz,12,12,exact,True,shehnaaz,Matched via exact strategy
193,opinion,praise kar rahe hai,14,17,exact,True,praise kar rahe hai,Matched via exact strategy
193,aspect,shehnaazgill,24,24,exact,True,shehnaazgill,Matched via exact strategy
193,opinion,footage chaiye bas,21,23,exact,True,footage chaiye bas,Matched via exact strategy
194,aspect,guide,6,6,exact,True,guide,Matched via exact strategy
194,opinion,agr bacho ko guide karna... bhadkna hai to theek hai,32,39,approximate,False,bhadkna hai to theek hai hm bacho ko,Matched via approximate strategy
194,aspect,motivate,17,17,exact,True,motivate,Matched via exact strategy
194,opinion,unko motivate karna... bhadkna hai to theek hai,32,35,approximate,False,bhadkna hai to theek,Matched via approximate strategy
194,aspect,aawaj,22,22,exact,True,aawaj,Matched via exact strategy
194,opinion,apne hkk ki aawaj uthana... bhadkna hai to theek hai,19,23,approximate,False,apne hkk ki aawaj uthana,Matched via approximate strategy
194,aspect,future,47,47,exact,True,future,Matched via exact strategy
194,opinion,apne safe future k liye sir k sath hn,45,53,exact,True,apne safe future k liye sir k sath hn,Matched via exact strategy
195,aspect,pratik,0,0,exact,True,pratik,Matched via exact strategy
195,opinion,galiyan di hai anpad gawaar bhi kaha,4,10,exact,True,galiyan di hai anpad gawaar bhi kaha,Matched via exact strategy
195,aspect,pratik,0,0,exact,True,pratik,Matched via exact strategy
195,opinion,fake toh pratik hai,11,14,exact,True,fake toh pratik hai,Matched via exact strategy
195,aspect,khel,31,31,exact,True,khel,Matched via exact strategy
195,opinion,apne dam pe nahi khel sakta,27,32,exact,True,apne dam pe nahi khel sakta,Matched via exact strategy
195,aspect,arrogance,34,34,exact,True,arrogance,Matched via exact strategy
195,opinion,fake arrogance dikhata hai,33,36,exact,True,fake arrogance dikhata hai,Matched via exact strategy
196,aspect,malikk,0,0,exact,True,malikk,Matched via exact strategy
196,opinion,khud jimmedar hai sb cheejo ka,2,7,exact,True,khud jimmedar hai sb cheejo ka,Matched via exact strategy
196,aspect,malikk,0,0,exact,True,malikk,Matched via exact strategy
196,opinion,masoom logo ko marne wale ko kahi pe bhi ni bulana chahiye,22,33,exact,True,masoom logo ko marne wale ko kahi pe bhi ni bulana chahiye,Matched via exact strategy
197,aspect,gdp per capita,1,3,exact,True,gdp per capita,Matched via exact strategy
197,opinion,27th rank par h,5,8,exact,True,27th rank par h,Matched via exact strategy
197,aspect,mama,16,16,exact,True,mama,Matched via exact strategy
197,opinion,tatha kathit,14,15,exact,True,tatha kathit,Matched via exact strategy
197,aspect,state gdp,25,26,exact,True,state gdp,Matched via exact strategy
197,opinion,nhi sudhar sakate,30,32,exact,True,nhi sudhar sakate,Matched via exact strategy
197,aspect,per capita,2,3,exact,True,per capita,Matched via exact strategy
197,opinion,nhi sudhar sakate,30,32,exact,True,nhi sudhar sakate,Matched via exact strategy
197,aspect,18 saal,34,35,exact,True,18 saal,Matched via exact strategy
197,opinion,kiya kya,37,38,exact,True,kiya kya,Matched via exact strategy
198,aspect,system,9,9,exact,True,system,Matched via exact strategy
198,opinion,nahi bna saka,10,12,exact,True,nahi bna saka,Matched via exact strategy
198,aspect,shakhs,1,1,exact,True,shakhs,Matched via exact strategy
198,opinion,resign kr dena chahye,17,20,exact,True,resign kr dena chahye,Matched via exact strategy
199,aspect,genral,4,4,exact,True,genral,Matched via exact strategy
199,opinion,lagni chiye,8,9,exact,True,lagni chiye,Matched via exact strategy
199,aspect,siystadano,6,6,exact,True,siystadano,Matched via exact strategy
199,opinion,lagni chiye,8,9,exact,True,lagni chiye,Matched via exact strategy
200,aspect,party,11,11,exact,True,party,Matched via exact strategy
200,opinion,dubti naiyya,13,14,exact,True,dubti naiyya,Matched via exact strategy
200,aspect,insaan,35,35,exact,True,insaan,Matched via exact strategy
200,opinion,rotlu pointless,33,34,exact,True,rotlu pointless,Matched via exact strategy
201,aspect,party,10,10,exact,True,party,Matched via exact strategy
201,opinion,sexy,9,9,exact,True,sexy,Matched via exact strategy
202,aspect,sebi,2,2,exact,True,sebi,Matched via exact strategy
202,opinion,bas kr sebi bhut ho gya,0,5,exact,True,bas kr sebi bhut ho gya,Matched via exact strategy
202,aspect,sahara sebi case,8,10,exact,True,sahara sebi case,Matched via exact strategy
202,opinion,kab hum sahara sebi case k piche bhagte rhenge,6,14,exact,True,kab hum sahara sebi case k piche bhagte rhenge,Matched via exact strategy
202,aspect,paisa,19,19,exact,True,paisa,Matched via exact strategy
202,opinion,paisa wapas kro,19,21,exact,True,paisa wapas kro,Matched via exact strategy
203,aspect,bhakti,26,26,exact,True,bhakti,Matched via exact strategy
203,opinion,purn parmatma kabir saheb ki,21,25,exact,True,purn parmatma kabir saheb ki,Matched via exact strategy
203,aspect,baton,17,17,exact,True,baton,Matched via exact strategy
203,opinion,banawati,16,16,exact,True,banawati,Matched via exact strategy
203,aspect,sadhna tv,41,42,exact,True,sadhna tv,Matched via exact strategy
203,opinion,adhik jankari ke liye dekhen,36,40,exact,True,adhik jankari ke liye dekhen,Matched via exact strategy
204,aspect,situation,2,2,exact,True,situation,Matched via exact strategy
204,opinion,kuch bhi nahi ho sakta tha,6,11,exact,True,kuch bhi nahi ho sakta tha,Matched via exact strategy
204,aspect,manage,13,13,exact,True,manage,Matched via exact strategy
204,opinion,acha kar sakte thai,14,17,exact,True,acha kar sakte thai,Matched via exact strategy
204,aspect,tourneys,38,38,exact,True,tourneys,Matched via exact strategy
204,opinion,apne time sai aage hi jate hain,39,45,exact,True,apne time sai aage hi jate hain,Matched via exact strategy
205,aspect,boss,2,2,exact,True,boss,Matched via exact strategy
205,opinion,hmesha krti hu,9,11,exact,True,hmesha krti hu,Matched via exact strategy
205,aspect,dosto,6,6,exact,True,dosto,Matched via exact strategy
205,opinion,hmesha krti hu,9,11,exact,True,hmesha krti hu,Matched via exact strategy
206,aspect,parrahi,4,4,exact,True,parrahi,Matched via exact strategy
206,opinion,sab samjh keh itna paise bhar dete,6,12,exact,True,sab samjh keh itna paise bhar dete,Matched via exact strategy
206,aspect,angrez log,15,16,exact,True,angrez log,Matched via exact strategy
206,opinion,fee mangthe hai,18,20,exact,True,fee mangthe hai,Matched via exact strategy
206,aspect,toppers,27,27,exact,True,toppers,Matched via exact strategy
206,opinion,ehmiyat nai milti,29,31,exact,True,ehmiyat nai milti,Matched via exact strategy
206,aspect,degrees,32,32,exact,True,degrees,Matched via exact strategy
206,opinion,lene keh baad bih end meh bande ko apne appko sambalne keh liye yeh sab kuch nai kaam ata,34,52,exact,True,lene keh baad bih end meh bande ko apne appko sambalne keh liye yeh sab kuch nai kaam ata,Matched via exact strategy
207,aspect,sanghi,0,0,exact,True,sanghi,Matched via exact strategy
207,opinion,kutte,1,1,exact,True,kutte,Matched via exact strategy
207,aspect,bhai,5,5,exact,True,bhai,Matched via exact strategy
207,opinion,kuch nahi bologe,8,10,exact,True,kuch nahi bologe,Matched via exact strategy
207,aspect,fact check,19,20,exact,True,fact check,Matched via exact strategy
207,opinion,karwaoge apne yati swami se,21,25,exact,True,karwaoge apne yati swami se,Matched via exact strategy
208,aspect,jasminbhasin,2,2,exact,True,jasminbhasin,Matched via exact strategy
208,opinion,m kyu jasminbhasin ko troll karu,17,22,exact,True,m kyu jasminbhasin ko troll karu,Matched via exact strategy
208,aspect,fandom,32,32,exact,True,fandom,Matched via exact strategy
208,opinion,sara fandom kesa h,31,34,exact,True,sara fandom kesa h,Matched via exact strategy
209,aspect,idol,2,2,exact,True,idol,Matched via exact strategy
209,opinion,pyaar aur dedication mein jazba hai sachaai hai,6,13,exact,True,pyaar aur dedication mein jazba hai sachaai hai,Matched via exact strategy
209,aspect,fd,25,25,exact,True,fd,Matched via exact strategy
209,opinion,kabhi chhodoge nahi,24,27,approximate,False,kabhi fd chhodoge nahi,Matched via approximate strategy
209,aspect,insaan,43,43,exact,True,insaan,Matched via exact strategy
209,opinion,jazbaa tum sab pe kitna bhaari pad gaya,45,52,exact,True,jazbaa tum sab pe kitna bhaari pad gaya,Matched via exact strategy
210,aspect,gyan,3,3,exact,True,gyan,Matched via exact strategy
210,opinion,pahle apne gyan se ye nirnaya toh le le,1,9,exact,True,pahle apne gyan se ye nirnaya toh le le,Matched via exact strategy
210,aspect,coach,11,11,exact,True,coach,Matched via exact strategy
210,opinion,jarman hi tha ya indian,12,16,exact,True,jarman hi tha ya indian,Matched via exact strategy
211,aspect,neta,13,13,exact,True,neta,Matched via exact strategy
211,opinion,congres chhod kr ja rahe h,14,19,exact,True,congres chhod kr ja rahe h,Matched via exact strategy
211,aspect,dhongi,27,27,exact,True,dhongi,Matched via exact strategy
211,opinion,party duba rahe h,32,35,exact,True,party duba rahe h,Matched via exact strategy
211,aspect,mp,36,36,exact,True,mp,Matched via exact strategy
211,opinion,ungli pr ginne layak,37,40,exact,True,ungli pr ginne layak,Matched via exact strategy
212,aspect,opinions,10,10,exact,True,opinions,Matched via exact strategy
212,opinion,sabke apne,8,9,exact,True,sabke apne,Matched via exact strategy
213,aspect,dialogues,6,6,exact,True,dialogues,Matched via exact strategy
213,opinion,mast hai,7,8,exact,True,mast hai,Matched via exact strategy
213,aspect,show,4,4,exact,True,show,Matched via exact strategy
213,opinion,baat hi alag hai,26,29,exact,True,baat hi alag hai,Matched via exact strategy
214,aspect,documents,7,7,exact,True,documents,Matched via exact strategy
214,opinion,thik karna chhata hu,8,11,exact,True,thik karna chhata hu,Matched via exact strategy
214,aspect,admission,41,41,exact,True,admission,Matched via exact strategy
214,opinion,lene me bahut mushkil ho,42,46,exact,True,lene me bahut mushkil ho,Matched via exact strategy
215,aspect,tattoo,3,3,exact,True,tattoo,Matched via exact strategy
215,opinion,apne hath pe tattoo krwalo,0,4,exact,True,apne hath pe tattoo krwalo,Matched via exact strategy
215,aspect,bhakt,7,7,exact,True,bhakt,Matched via exact strategy
215,opinion,daadi ka bhakt,5,7,exact,True,daadi ka bhakt,Matched via exact strategy
216,aspect,bbott,5,5,exact,True,bbott,Matched via exact strategy
216,opinion,pehli baar 10 min dekha,0,4,exact,True,pehli baar 10 min dekha,Matched via exact strategy
216,aspect,drama,17,17,exact,True,drama,Matched via exact strategy
216,opinion,sab ke sab drama kar rhe h,14,20,exact,True,sab ke sab drama kar rhe h,Matched via exact strategy
216,aspect,sharafat,47,47,exact,True,sharafat,Matched via exact strategy
216,opinion,ab sab ki sharafat bahr aa rahi hain,52,59,exact,True,ab sab ki sharafat bahr aa rahi hain,Matched via exact strategy
217,aspect,uditraj,0,0,exact,True,uditraj,Matched via exact strategy
217,opinion,ch0mu,1,1,exact,True,ch0mu,Matched via exact strategy
217,aspect,coach,14,14,exact,True,coach,Matched via exact strategy
217,opinion,decide kar le coach hai kaun,11,16,exact,True,decide kar le coach hai kaun,Matched via exact strategy
218,aspect,identity,10,10,exact,True,identity,Matched via exact strategy
218,opinion,kat lee,11,12,exact,True,kat lee,Matched via exact strategy
219,aspect,athletes,20,20,exact,True,athletes,Matched via exact strategy
219,opinion,behtar banake apne country ke liye aage karne ka,22,30,exact,True,behtar banake apne country ke liye aage karne ka,Matched via exact strategy
219,aspect,training,44,44,exact,True,training,Matched via exact strategy
219,opinion,best,43,43,exact,True,best,Matched via exact strategy
220,aspect,insan,1,1,exact,True,insan,Matched via exact strategy
220,opinion,aib nh neki talash kro,3,7,exact,True,aib nh neki talash kro,Matched via exact strategy
220,aspect,allah,10,10,exact,True,allah,Matched via exact strategy
220,opinion,beshumar gunnaho ko maaf kar k ek neki dekhta h,16,25,exact,True,beshumar gunnaho ko maaf kar k ek neki dekhta h,Matched via exact strategy
221,aspect,food,4,4,exact,True,food,Matched via exact strategy
221,opinion,who has seen god,0,3,exact,True,who has seen god,Matched via exact strategy
221,aspect,parmatma,5,5,exact,True,parmatma,Matched via exact strategy
221,opinion,apne atmaon ko kabhi kasht nahin hone dete,6,13,exact,True,apne atmaon ko kabhi kasht nahin hone dete,Matched via exact strategy
221,aspect,braham,20,20,exact,True,braham,Matched via exact strategy
221,opinion,84 lakh yoni mein dal ke rakhta hai,22,29,exact,True,84 lakh yoni mein dal ke rakhta hai,Matched via exact strategy
221,aspect,purn parmatma,40,41,exact,True,purn parmatma,Matched via exact strategy
221,opinion,apni bhakti dekar nikale jaate hain,43,48,exact,True,apni bhakti dekar nikale jaate hain,Matched via exact strategy
221,aspect,gyan ganga,49,50,exact,True,gyan ganga,Matched via exact strategy
221,opinion,padhen,51,51,exact,True,padhen,Matched via exact strategy
222,aspect,baat,5,5,exact,True,baat,Matched via exact strategy
222,opinion,pehle kissano ne aapki baat maani thi,1,7,exact,True,pehle kissano ne aapki baat maani thi,Matched via exact strategy
222,aspect,farm laws,15,16,exact,True,farm laws,Matched via exact strategy
222,opinion,repeal farm laws,14,16,exact,True,repeal farm laws,Matched via exact strategy
222,aspect,neta,-1,-1,unmatched,False,,Matched via unmatched strategy
222,opinion,humesha apne aap ko hi kush na rakho doosron ko bhi rehne do,17,29,exact,True,humesha apne aap ko hi kush na rakho doosron ko bhi rehne do,Matched via exact strategy
223,aspect,bachon,2,2,exact,True,bachon,Matched via exact strategy
223,opinion,dikhane ke lia rakh sakte hai,4,9,exact,True,dikhane ke lia rakh sakte hai,Matched via exact strategy
223,aspect,shadi,21,21,exact,True,shadi,Matched via exact strategy
223,opinion,na shadi hogi,20,22,exact,True,na shadi hogi,Matched via exact strategy
223,aspect,bacche,25,25,exact,True,bacche,Matched via exact strategy
223,opinion,na bacche,24,25,exact,True,na bacche,Matched via exact strategy
224,aspect,prachar,3,3,exact,True,prachar,Matched via exact strategy
224,opinion,mast hain,5,6,exact,True,mast hain,Matched via exact strategy
224,aspect,desh,7,7,exact,True,desh,Matched via exact strategy
224,opinion,aage lage to lagti rhe,9,13,exact,True,aage lage to lagti rhe,Matched via exact strategy
225,aspect,movie,-1,-1,unmatched,False,,Matched via unmatched strategy
225,opinion,blockbuster express,16,17,exact,True,blockbuster express,Matched via exact strategy
226,aspect,deshbhaqti,32,32,exact,True,deshbhaqti,Matched via exact strategy
226,opinion,apki deshbhaqti,31,32,exact,True,apki deshbhaqti,Matched via exact strategy
226,aspect,agenda,17,17,exact,True,agenda,Matched via exact strategy
226,opinion,logo ka ek he agenda sirf ek jatti dhram ko gali,13,23,exact,True,logo ka ek he agenda sirf ek jatti dhram ko gali,Matched via exact strategy
227,aspect,aap,8,8,exact,True,aap,Matched via exact strategy
227,opinion,sirf apne credit apne karma aur sirf aapne aap se matlab hota hai,13,25,exact,True,sirf apne credit apne karma aur sirf aapne aap se matlab hota hai,Matched via exact strategy
227,aspect,aap,8,8,exact,True,aap,Matched via exact strategy
227,opinion,not able to treat right to one person,28,35,exact,True,not able to treat right to one person,Matched via exact strategy
227,aspect,aap,8,8,exact,True,aap,Matched via exact strategy
227,opinion,permanent nahi,45,46,exact,True,permanent nahi,Matched via exact strategy
228,aspect,show,2,2,exact,True,show,Matched via exact strategy
228,opinion,fl se promote karwa rahe hain,4,9,exact,True,fl se promote karwa rahe hain,Matched via exact strategy
228,aspect,show,2,2,exact,True,show,Matched via exact strategy
228,opinion,promote karo acche se,14,17,exact,True,promote karo acche se,Matched via exact strategy
228,aspect,ipzn2,21,21,exact,True,ipzn2,Matched via exact strategy
228,opinion,we want,19,20,exact,True,we want,Matched via exact strategy
229,aspect,private company,8,9,exact,True,private company,Matched via exact strategy
229,opinion,badhava dena hoga,32,34,exact,True,badhava dena hoga,Matched via exact strategy
229,aspect,private school,44,45,exact,True,private school,Matched via exact strategy
229,opinion,nhi hota to kitna maramari hota,48,53,exact,True,nhi hota to kitna maramari hota,Matched via exact strategy
229,aspect,private hospital,46,47,exact,True,private hospital,Matched via exact strategy
229,opinion,nhi hota to kitna maramari hota,48,53,exact,True,nhi hota to kitna maramari hota,Matched via exact strategy
230,aspect,dikhava,36,36,exact,True,dikhava,Matched via exact strategy
230,opinion,yh sirf dikhava hai,34,37,exact,True,yh sirf dikhava hai,Matched via exact strategy
230,aspect,par bharosa,23,24,exact,True,par bharosa,Matched via exact strategy
230,opinion,par bharosa krna matlab apne per par kulhadi marna,23,31,exact,True,par bharosa krna matlab apne per par kulhadi marna,Matched via exact strategy
231,aspect,pairo,7,7,exact,True,pairo,Matched via exact strategy
231,opinion,khadi ho jaao,9,11,exact,True,khadi ho jaao,Matched via exact strategy
232,aspect,mu,2,2,exact,True,mu,Matched via exact strategy
232,opinion,gutter band kr,4,6,exact,True,gutter band kr,Matched via exact strategy
232,aspect,kaam,10,10,exact,True,kaam,Matched via exact strategy
232,opinion,vahi pe hi bol,13,16,exact,True,vahi pe hi bol,Matched via exact strategy
233,aspect,fire,2,2,exact,True,fire,Matched via exact strategy
233,opinion,moun se fire marne mein apne gold medal ly ana tha olympics mein ap yahan kya kar rahy ho,0,18,exact,True,moun se fire marne mein apne gold medal ly ana tha olympics mein ap yahan kya kar rahy ho,Matched via exact strategy
234,aspect,mobile,12,12,exact,True,mobile,Matched via exact strategy
234,opinion,11 12 saal ke baccho ke haath mein mobile kyu pakda dete h,4,16,exact,True,11 12 saal ke baccho ke haath mein mobile kyu pakda dete h,Matched via exact strategy
234,aspect,padhai,25,25,exact,True,padhai,Matched via exact strategy
234,opinion,padhai likhai karwaaye aapko,25,28,exact,True,padhai likhai karwaaye aapko,Matched via exact strategy
235,aspect,bjp,15,15,exact,True,bjp,Matched via exact strategy
235,opinion,khud divide karra aaj hi laya na reservation obc bill,19,28,exact,True,khud divide karra aaj hi laya na reservation obc bill,Matched via exact strategy
235,aspect,reservation,26,26,exact,True,reservation,Matched via exact strategy
235,opinion,pehla vote manga hindu ke naam pe jab fail ho gaya kuch nahi kiya,29,42,exact,True,pehla vote manga hindu ke naam pe jab fail ho gaya kuch nahi kiya,Matched via exact strategy
235,aspect,rss,54,54,exact,True,rss,Matched via exact strategy
235,opinion,lag gaya bjp rss dalit obc karne,51,57,exact,True,lag gaya bjp rss dalit obc karne,Matched via exact strategy
236,aspect,kamana,2,2,exact,True,kamana,Matched via exact strategy
236,opinion,izzhat se kamana,0,2,exact,True,izzhat se kamana,Matched via exact strategy
236,aspect,halal kamana,6,7,exact,True,halal kamana,Matched via exact strategy
236,opinion,izzhat se halal kamana,4,7,exact,True,izzhat se halal kamana,Matched via exact strategy
237,aspect,chopra1,0,0,exact,True,chopra1,Matched via exact strategy
237,opinion,kis lie dia hai aaj tak samjh nhi aaya,1,9,exact,True,kis lie dia hai aaj tak samjh nhi aaya,Matched via exact strategy
237,aspect,jawan,12,12,exact,True,jawan,Matched via exact strategy
237,opinion,joroor officer rank de kar honor karegi,15,20,approximate,False,officer rank de kar honor karegi,Matched via approximate strategy
238,aspect,player,11,11,exact,True,player,Matched via exact strategy
238,opinion,stamp ke pichhe rh kr match change kr deta h,14,23,exact,True,stamp ke pichhe rh kr match change kr deta h,Matched via exact strategy
239,aspect,responsibilities,21,21,exact,True,responsibilities,Matched via exact strategy
239,opinion,equal responsibilities ban jati hain,20,24,exact,True,equal responsibilities ban jati hain,Matched via exact strategy
240,aspect,baap,2,2,exact,True,baap,Matched via exact strategy
240,opinion,india hamare baap ka hai,0,4,exact,True,india hamare baap ka hai,Matched via exact strategy
241,aspect,memes,1,1,exact,True,memes,Matched via exact strategy
241,opinion,dil kahta hai apko apne rom rom me basa lu,2,11,exact,True,dil kahta hai apko apne rom rom me basa lu,Matched via exact strategy
242,aspect,pyar,7,7,exact,True,pyar,Matched via exact strategy
242,opinion,apne pyar ko 100 mile dur se bhi dkh skte,6,15,exact,True,apne pyar ko 100 mile dur se bhi dkh skte,Matched via exact strategy
243,aspect,vlog,1,1,exact,True,vlog,Matched via exact strategy
243,opinion,kab dalega apne youtube channel pe,2,7,exact,True,kab dalega apne youtube channel pe,Matched via exact strategy
244,aspect,physical conduct,6,7,exact,True,physical conduct,Matched via exact strategy
244,opinion,kraya apne chance dia unko hme bhi ek chance dedo please,8,18,exact,True,kraya apne chance dia unko hme bhi ek chance dedo please,Matched via exact strategy
244,aspect,physical date,41,42,exact,True,physical date,Matched via exact strategy
244,opinion,cooperate kare please or physical date provide kare,37,44,exact,True,cooperate kare please or physical date provide kare,Matched via exact strategy
245,aspect,comments,14,14,exact,True,comments,Matched via exact strategy
245,opinion,bhar jyega apne dm me kro,22,27,exact,True,bhar jyega apne dm me kro,Matched via exact strategy
246,aspect,space,9,9,exact,True,space,Matched via exact strategy
246,opinion,bnate hi rozzzz iti late ho,10,15,exact,True,bnate hi rozzzz iti late ho,Matched via exact strategy
246,aspect,bache,33,33,exact,True,bache,Matched via exact strategy
246,opinion,jldi solaa lia kre,34,37,exact,True,jldi solaa lia kre,Matched via exact strategy
247,aspect,sant rampal ji maharaj,15,18,exact,True,sant rampal ji maharaj,Matched via exact strategy
247,opinion,jyothi darshi sant hain vah an parmatma ki sabhi jankari de rahe hain,19,31,exact,True,jyothi darshi sant hain vah an parmatma ki sabhi jankari de rahe hain,Matched via exact strategy
248,aspect,ration card,7,8,exact,True,ration card,Matched via exact strategy
248,opinion,apne apne member ko bante ja rahe h chahe o patra ho ya n ho jab chaho list se name kat do mannmarji chal rahi h bahut hi ghotala ho raha h,9,40,exact,True,apne apne member ko bante ja rahe h chahe o patra ho ya n ho jab chaho list se name kat do mannmarji chal rahi h bahut hi ghotala ho raha h,Matched via exact strategy
249,aspect,journey,19,19,exact,True,journey,Matched via exact strategy
249,opinion,how beautiful this journey is,16,20,exact,True,how beautiful this journey is,Matched via exact strategy
250,aspect,tag,11,11,exact,True,tag,Matched via exact strategy
250,opinion,apne aap ko tag kiya,8,12,exact,True,apne aap ko tag kiya,Matched via exact strategy
251,aspect,company,14,14,exact,True,company,Matched via exact strategy
251,opinion,debt free and monopoly company hai,10,15,exact,True,debt free and monopoly company hai,Matched via exact strategy
251,aspect,returns,22,22,exact,True,returns,Matched via exact strategy
251,opinion,long terms me accha returns de sakta hai,18,25,exact,True,long terms me accha returns de sakta hai,Matched via exact strategy
252,aspect,interview,18,18,exact,True,interview,Matched via exact strategy
252,opinion,uske muh m apne shabd mat dalo,37,43,exact,True,uske muh m apne shabd mat dalo,Matched via exact strategy
253,aspect,acting,-1,-1,unmatched,False,,Matched via unmatched strategy
253,opinion,hollywood star samj raha h,3,7,exact,True,hollywood star samj raha h,Matched via exact strategy
254,aspect,answer,7,7,exact,True,answer,Matched via exact strategy
254,opinion,u r diverting this is not my answer,0,7,exact,True,u r diverting this is not my answer,Matched via exact strategy
255,aspect,bhagwan,7,7,exact,True,bhagwan,Matched via exact strategy
255,opinion,chehra to dekhne layak he,9,13,exact,True,chehra to dekhne layak he,Matched via exact strategy
255,aspect,khuda,18,18,exact,True,khuda,Matched via exact strategy
255,opinion,photo dikha,20,21,exact,True,photo dikha,Matched via exact strategy
255,aspect,allah,26,26,exact,True,allah,Matched via exact strategy
255,opinion,photo to dikhana unke messenger ke saath,28,34,exact,True,photo to dikhana unke messenger ke saath,Matched via exact strategy
256,aspect,appearance,-1,-1,unmatched,False,,Matched via unmatched strategy
256,opinion,looks like he is in his 20 s kamaal ka maintain karke rakha hai,6,19,exact,True,looks like he is in his 20 s kamaal ka maintain karke rakha hai,Matched via exact strategy
257,aspect,tag,2,2,exact,True,tag,Matched via exact strategy
257,opinion,hgg jakar nalle kahinke,8,11,exact,True,hgg jakar nalle kahinke,Matched via exact strategy
258,aspect,gyan,11,11,exact,True,gyan,Matched via exact strategy
258,opinion,aadhyatmik gyan se sabhi dharm granth kaun se praman kar rahe hain,10,21,exact,True,aadhyatmik gyan se sabhi dharm granth kaun se praman kar rahe hain,Matched via exact strategy
258,aspect,pustak,45,45,exact,True,pustak,Matched via exact strategy
258,opinion,padhaai gyan ganga pustak,42,45,exact,True,padhaai gyan ganga pustak,Matched via exact strategy
259,aspect,medal,2,2,exact,True,medal,Matched via exact strategy
259,opinion,har kisi ko chahie,3,6,exact,True,har kisi ko chahie,Matched via exact strategy
259,aspect,khelte,14,14,exact,True,khelte,Matched via exact strategy
259,opinion,apne bacho ko khelte hue bhi ni dekha jata,11,19,exact,True,apne bacho ko khelte hue bhi ni dekha jata,Matched via exact strategy
260,aspect,interview,17,17,exact,True,interview,Matched via exact strategy
260,opinion,nfs means not found suitable kr diya jata hai direct interview ki jha post hai sb apne liye jaate,7,25,exact,True,nfs means not found suitable kr diya jata hai direct interview ki jha post hai sb apne liye jaate,Matched via exact strategy
260,aspect,university,35,35,exact,True,university,Matched via exact strategy
260,opinion,bharat ki jani mani university bhu ka uthakr dekh le,31,40,exact,True,bharat ki jani mani university bhu ka uthakr dekh le,Matched via exact strategy
261,aspect,bus,42,42,exact,True,bus,Matched via exact strategy
261,opinion,anumati nhi di he usse gav ke student ko bahut dikt ati he,23,35,approximate,False,anumati nhi di he usse sir gav ke student ko bahut dikt ati,Matched via approximate strategy
261,aspect,padye,46,46,exact,True,padye,Matched via exact strategy
261,opinion,government bus se ati he padye ke liye apni please sir bus ki anumti,41,54,exact,True,government bus se ati he padye ke liye apni please sir bus ki anumti,Matched via exact strategy
262,aspect,pratik,0,0,exact,True,pratik,Matched via exact strategy
262,opinion,galat nahi kiya uska todha tone bolne ka sweet nahi hai but uska intention galat nahi tha,2,18,exact,True,galat nahi kiya uska todha tone bolne ka sweet nahi hai but uska intention galat nahi tha,Matched via exact strategy
262,aspect,tone,7,7,exact,True,tone,Matched via exact strategy
262,opinion,bolne ka sweet nahi hai,8,12,exact,True,bolne ka sweet nahi hai,Matched via exact strategy
262,aspect,intention,15,15,exact,True,intention,Matched via exact strategy
262,opinion,galat nahi tha,16,18,exact,True,galat nahi tha,Matched via exact strategy
262,aspect,shamita,19,19,exact,True,shamita,Matched via exact strategy
262,opinion,apne jiju ka frustration nikal rahi hai,21,27,exact,True,apne jiju ka frustration nikal rahi hai,Matched via exact strategy
262,aspect,divya,29,29,exact,True,divya,Matched via exact strategy
262,opinion,vaidya jaise bajj rahi hai har ladai me and gandi galiyaan de rahi hai,30,43,exact,True,vaidya jaise bajj rahi hai har ladai me and gandi galiyaan de rahi hai,Matched via exact strategy
263,aspect,performance,3,3,exact,True,performance,Matched via exact strategy
263,opinion,bahute gajab raha aur 23 position par rahe jo ki apne aap me hi gajab hai,7,22,exact,True,bahute gajab raha aur 23 position par rahe jo ki apne aap me hi gajab hai,Matched via exact strategy
263,aspect,equestrian,34,34,exact,True,equestrian,Matched via exact strategy
263,opinion,ham sab ko aap par garv hai,27,33,exact,True,ham sab ko aap par garv hai,Matched via exact strategy
264,aspect,sab kuch,3,4,exact,True,sab kuch,Matched via exact strategy
264,opinion,abhi sab kuch dekha nii h,2,7,exact,True,abhi sab kuch dekha nii h,Matched via exact strategy
265,aspect,petrol,2,2,exact,True,petrol,Matched via exact strategy
265,opinion,dam dugna hogya kamal hai,15,19,exact,True,dam dugna hogya kamal hai,Matched via exact strategy
265,aspect,sarkar,31,31,exact,True,sarkar,Matched via exact strategy
265,opinion,desh se badi nahi ho sakti,32,37,exact,True,desh se badi nahi ho sakti,Matched via exact strategy
265,aspect,mehngai,45,45,exact,True,mehngai,Matched via exact strategy
265,opinion,trast hai,47,48,exact,True,trast hai,Matched via exact strategy
266,aspect,gaan,9,9,exact,True,gaan,Matched via exact strategy
266,opinion,tum apne gaan me daal lo,7,12,exact,True,tum apne gaan me daal lo,Matched via exact strategy
266,aspect,actor,16,16,exact,True,actor,Matched via exact strategy
266,opinion,main sabhi actor actress ki ijjat karta hun,14,21,exact,True,main sabhi actor actress ki ijjat karta hun,Matched via exact strategy
266,aspect,actress,17,17,exact,True,actress,Matched via exact strategy
266,opinion,main sabhi actor actress ki ijjat karta hun,14,21,exact,True,main sabhi actor actress ki ijjat karta hun,Matched via exact strategy
267,aspect,chehre,2,2,exact,True,chehre,Matched via exact strategy
267,opinion,2 pimples hone se preshaan si ho gyi,4,11,exact,True,2 pimples hone se preshaan si ho gyi,Matched via exact strategy
268,aspect,player,4,4,exact,True,player,Matched via exact strategy
268,opinion,acha player hae par over confidence usmein saaf dikhai dee raha hae,3,14,exact,True,acha player hae par over confidence usmein saaf dikhai dee raha hae,Matched via exact strategy
268,aspect,varun,18,18,exact,True,varun,Matched via exact strategy
268,opinion,pata ni kya samajhta hae apne aap ko body banane or stunts karne mein difference hae,20,35,exact,True,pata ni kya samajhta hae apne aap ko body banane or stunts karne mein difference hae,Matched via exact strategy
268,aspect,tamboli,37,37,exact,True,tamboli,Matched via exact strategy
268,opinion,khair bamboli hae,39,41,exact,True,khair bamboli hae,Matched via exact strategy
269,aspect,show,3,3,exact,True,show,Matched via exact strategy
269,opinion,dimpy splitsvilla dating show hai ye show mein apne stands lene ka hai,0,12,exact,True,dimpy splitsvilla dating show hai ye show mein apne stands lene ka hai,Matched via exact strategy
269,aspect,followers,16,16,exact,True,followers,Matched via exact strategy
269,opinion,blind followers illogical povs,15,18,exact,True,blind followers illogical povs,Matched via exact strategy
269,aspect,pratik,19,19,exact,True,pratik,Matched via exact strategy
269,opinion,pratik for the win pratiksehajpal biggbossott,19,24,exact,True,pratik for the win pratiksehajpal biggbossott,Matched via exact strategy
270,aspect,govt,11,11,exact,True,govt,Matched via exact strategy
270,opinion,compies ko berbaad kr rhi hai aur apne frnds ko aage badha rhi hai,13,26,exact,True,compies ko berbaad kr rhi hai aur apne frnds ko aage badha rhi hai,Matched via exact strategy
271,aspect,blames,9,9,exact,True,blames,Matched via exact strategy
271,opinion,all the blames will be put on me,7,14,exact,True,all the blames will be put on me,Matched via exact strategy
272,aspect,subjects,17,17,exact,True,subjects,Matched via exact strategy
272,opinion,tamam subjects mai students ko pass kardya jaega,16,23,exact,True,tamam subjects mai students ko pass kardya jaega,Matched via exact strategy
272,aspect,grace marks,34,35,exact,True,grace marks,Matched via exact strategy
272,opinion,20 grace marks bhi diye tha yeh hamare sath nainsafi hai,33,43,exact,True,20 grace marks bhi diye tha yeh hamare sath nainsafi hai,Matched via exact strategy
273,aspect,amdani,3,3,exact,True,amdani,Matched via exact strategy
273,opinion,itni he badh gayi hai,4,8,exact,True,itni he badh gayi hai,Matched via exact strategy
273,aspect,petrol,18,18,exact,True,petrol,Matched via exact strategy
273,opinion,200 dekr khareedna shuru krdete ho,16,22,approximate,False,200 dekr petrol khareedna shuru krdete ho,Matched via approximate strategy
273,aspect,berojgari,36,36,exact,True,berojgari,Matched via exact strategy
273,opinion,apne charam par hai 40saal ke record tod diya,37,45,exact,True,apne charam par hai 40saal ke record tod diya,Matched via exact strategy
274,aspect,plots,3,3,exact,True,plots,Matched via exact strategy
274,opinion,woh khud he kuch kar lein apne difa ke liye warna isi tarhan har chiz pe qabza ho jany ke lie ready rahe,5,27,exact,True,woh khud he kuch kar lein apne difa ke liye warna isi tarhan har chiz pe qabza ho jany ke lie ready rahe,Matched via exact strategy
275,aspect,chehre,2,2,exact,True,chehre,Matched via exact strategy
275,opinion,2 pimpels hone se preshaan si ho gyi,4,11,exact,True,2 pimpels hone se preshaan si ho gyi,Matched via exact strategy
276,aspect,padhai,13,13,exact,True,padhai,Matched via exact strategy
276,opinion,padhai pe dhyaan do,13,16,exact,True,padhai pe dhyaan do,Matched via exact strategy
277,aspect,mr daksh aibla,0,2,exact,True,mr daksh aibla,Matched via exact strategy
277,opinion,far tu ku beach me bad rya s apne jise le,3,13,exact,True,far tu ku beach me bad rya s apne jise le,Matched via exact strategy
278,aspect,jawelin,2,2,exact,True,jawelin,Matched via exact strategy
278,opinion,bhadwe jaise jawelin neeraj chopra ne pakistani ki gand mein ghusaya hai,0,11,exact,True,bhadwe jaise jawelin neeraj chopra ne pakistani ki gand mein ghusaya hai,Matched via exact strategy
279,aspect,clash,8,8,exact,True,clash,Matched via exact strategy
279,opinion,haarne me gold jeet chuke hain,9,14,exact,True,haarne me gold jeet chuke hain,Matched via exact strategy
280,aspect,army,1,1,exact,True,army,Matched via exact strategy
280,opinion,juron me baith gai hai jo department utha kr dekh lo retired army ka bnda uska sadar bna betha ho ga,4,24,exact,True,juron me baith gai hai jo department utha kr dekh lo retired army ka bnda uska sadar bna betha ho ga,Matched via exact strategy
280,aspect,department,10,10,exact,True,department,Matched via exact strategy
280,opinion,utha kr dekh lo retired army ka bnda uska sadar bna betha ho ga,11,24,exact,True,utha kr dekh lo retired army ka bnda uska sadar bna betha ho ga,Matched via exact strategy
281,aspect,tweet,9,9,exact,True,tweet,Matched via exact strategy
281,opinion,itne bhi standards na girao apne ki ye tweet like karni pade,1,12,exact,True,itne bhi standards na girao apne ki ye tweet like karni pade,Matched via exact strategy
282,aspect,bacho,1,1,exact,True,bacho,Matched via exact strategy
282,opinion,gandi nazar rkhne lgty aur mokay ki talsh me rehty k kb unhe kisi b trah kharab kry,35,52,exact,True,gandi nazar rkhne lgty aur mokay ki talsh me rehty k kb unhe kisi b trah kharab kry,Matched via exact strategy
283,aspect,school,20,20,exact,True,school,Matched via exact strategy
283,opinion,pocha mar dia like wow whoever told the peon to mop should also have been arrested for tampering with crime scene,22,42,exact,True,pocha mar dia like wow whoever told the peon to mop should also have been arrested for tampering with crime scene,Matched via exact strategy
284,aspect,service,23,23,exact,True,service,Matched via exact strategy
284,opinion,samadhan to karna nahi hai kahie toh 6 mahine wait karoon,35,45,exact,True,samadhan to karna nahi hai kahie toh 6 mahine wait karoon,Matched via exact strategy
285,aspect,staff,29,29,exact,True,staff,Matched via exact strategy
285,opinion,kaisa staff hai jo kachhuve ki chaal chal rha hai,28,37,exact,True,kaisa staff hai jo kachhuve ki chaal chal rha hai,Matched via exact strategy
285,aspect,hbx cng variant,38,40,exact,True,hbx cng variant,Matched via exact strategy
285,opinion,hbx cng variant should be launch,38,43,exact,True,hbx cng variant should be launch,Matched via exact strategy
285,aspect,tiago cng,44,45,exact,True,tiago cng,Matched via exact strategy
285,opinion,tiago cng launch ho jana chahiye gha ab tak but nahi,44,54,exact,True,tiago cng launch ho jana chahiye gha ab tak but nahi,Matched via exact strategy
286,aspect,ed sheeran,4,5,exact,True,ed sheeran,Matched via exact strategy
286,opinion,trend krti hain,7,9,exact,True,trend krti hain,Matched via exact strategy
286,aspect,singer,14,14,exact,True,singer,Matched via exact strategy
286,opinion,trend kr rahi hain,16,19,exact,True,trend kr rahi hain,Matched via exact strategy
287,aspect,tagline,12,12,exact,True,tagline,Matched via exact strategy
287,opinion,hamare tagline use maat karo,11,15,exact,True,hamare tagline use maat karo,Matched via exact strategy
288,aspect,tweet,2,2,exact,True,tweet,Matched via exact strategy
288,opinion,itni jaldi tweet kar dia apne purane record ke hisab se ek week baad tweet karte,0,15,exact,True,itni jaldi tweet kar dia apne purane record ke hisab se ek week baad tweet karte,Matched via exact strategy
289,aspect,yogiji,18,18,exact,True,yogiji,Matched via exact strategy
289,opinion,sirf itne log protest krenge to ek ward member gaddi na chhode ye to fir bhi apne yogiji h,1,19,exact,True,sirf itne log protest krenge to ek ward member gaddi na chhode ye to fir bhi apne yogiji h,Matched via exact strategy
290,aspect,main leads,15,16,exact,True,main leads,Matched via exact strategy
290,opinion,humaare main leads the aur hamesha rahenge,14,20,exact,True,humaare main leads the aur hamesha rahenge,Matched via exact strategy
291,aspect,cricket,14,14,exact,True,cricket,Matched via exact strategy
291,opinion,qayamat ka manzer jub bhai apne apne bhai ko nhe bachaae ga,0,11,exact,True,qayamat ka manzer jub bhai apne apne bhai ko nhe bachaae ga,Matched via exact strategy
292,aspect,log,10,10,exact,True,log,Matched via exact strategy
292,opinion,apne log mai hi kami hai,14,19,exact,True,apne log mai hi kami hai,Matched via exact strategy
293,aspect,punjab police,7,8,exact,True,punjab police,Matched via exact strategy
293,opinion,shame on amarinder check this hun apni punjab police apne kissana te hath chakae gi,0,14,exact,True,shame on amarinder check this hun apni punjab police apne kissana te hath chakae gi,Matched via exact strategy
294,aspect,medel,4,4,exact,True,medel,Matched via exact strategy
294,opinion,congratulations apne bhi ek medel jit liya khusiya manage gharme laxhmi aaya,0,11,exact,True,congratulations apne bhi ek medel jit liya khusiya manage gharme laxhmi aaya,Matched via exact strategy
295,aspect,baal,10,10,exact,True,baal,Matched via exact strategy
295,opinion,apne bhai k bhi baal khenchti hon,6,12,exact,True,apne bhai k bhi baal khenchti hon,Matched via exact strategy
296,aspect,words,3,3,exact,True,words,Matched via exact strategy
296,opinion,waste mat kro,5,7,exact,True,waste mat kro,Matched via exact strategy
297,aspect,location,14,14,exact,True,location,Matched via exact strategy
297,opinion,bomb blast ki location achhi select ki thi,11,18,exact,True,bomb blast ki location achhi select ki thi,Matched via exact strategy
298,aspect,china,14,14,exact,True,china,Matched via exact strategy
298,opinion,step father china ko yaad karlo,12,17,exact,True,step father china ko yaad karlo,Matched via exact strategy
298,aspect,porkistanis,21,21,exact,True,porkistanis,Matched via exact strategy
298,opinion,yahi aukat hai porkistanis ki,18,22,exact,True,yahi aukat hai porkistanis ki,Matched via exact strategy
298,aspect,soldiers,30,30,exact,True,soldiers,Matched via exact strategy
298,opinion,93000 coward soldiers ne surrender kiya,28,33,exact,True,93000 coward soldiers ne surrender kiya,Matched via exact strategy
298,aspect,kargil,34,34,exact,True,kargil,Matched via exact strategy
298,opinion,kargil me marva li,34,37,exact,True,kargil me marva li,Matched via exact strategy
298,aspect,kashmir,40,40,exact,True,kashmir,Matched via exact strategy
298,opinion,phir bhi kashmir chahiye beggers ko,38,43,exact,True,phir bhi kashmir chahiye beggers ko,Matched via exact strategy
299,aspect,stunt,35,35,exact,True,stunt,Matched via exact strategy
299,opinion,did his solo stunt and won,32,37,exact,True,did his solo stunt and won,Matched via exact strategy
300,aspect,film,6,6,exact,True,film,Matched via exact strategy
300,opinion,kya chal gyi ye chu log sochte h sb pan india star bnenge,7,19,exact,True,kya chal gyi ye chu log sochte h sb pan india star bnenge,Matched via exact strategy
301,aspect,mehndihairachnewaali,45,45,exact,True,mehndihairachnewaali,Matched via exact strategy
301,opinion,baba ko kasam denese pehle raghav ko di kasam yaad karti amp manaa karti,0,13,exact,True,baba ko kasam denese pehle raghav ko di kasam yaad karti amp manaa karti,Matched via exact strategy
302,aspect,memes,15,15,exact,True,memes,Matched via exact strategy
302,opinion,memes banana galat,15,17,exact,True,memes banana galat,Matched via exact strategy
303,aspect,khamoshi,12,12,exact,True,khamoshi,Matched via exact strategy
303,opinion,shartiya kaamyaab hota hai,15,18,exact,True,shartiya kaamyaab hota hai,Matched via exact strategy
304,aspect,culture,15,15,exact,True,culture,Matched via exact strategy
304,opinion,apne india culture ko gali apne dharma ko gali apni sabhayata ka uphas udaya jaye,13,27,exact,True,apne india culture ko gali apne dharma ko gali apni sabhayata ka uphas udaya jaye,Matched via exact strategy
304,aspect,dharma,19,19,exact,True,dharma,Matched via exact strategy
304,opinion,apne dharma ko gali,18,21,exact,True,apne dharma ko gali,Matched via exact strategy
304,aspect,sabhayata,23,23,exact,True,sabhayata,Matched via exact strategy
304,opinion,apni sabhayata ka uphas udaya jaye,22,27,exact,True,apni sabhayata ka uphas udaya jaye,Matched via exact strategy
304,aspect,khangress,44,44,exact,True,khangress,Matched via exact strategy
304,opinion,khangress ne yahi kiya ha,44,48,exact,True,khangress ne yahi kiya ha,Matched via exact strategy
305,aspect,contestant,5,5,exact,True,contestant,Matched via exact strategy
305,opinion,accha contestant decide kar hi lenge kyuki you are great in finding gems,4,16,exact,True,accha contestant decide kar hi lenge kyuki you are great in finding gems,Matched via exact strategy
306,aspect,mahol,3,3,exact,True,mahol,Matched via exact strategy
306,opinion,bilkul almost poora mahol aesa hi hogaya liberal right left center sab apne against hai,0,14,exact,True,bilkul almost poora mahol aesa hi hogaya liberal right left center sab apne against hai,Matched via exact strategy
307,aspect,story,2,2,exact,True,story,Matched via exact strategy
307,opinion,good,4,4,exact,True,good,Matched via exact strategy
308,aspect,pm,27,27,exact,True,pm,Matched via exact strategy
308,opinion,bana hai,29,30,exact,True,bana hai,Matched via exact strategy
308,aspect,modi,19,19,exact,True,modi,Matched via exact strategy
308,opinion,khula ghum raha hai or pm bhi bana hai,22,30,exact,True,khula ghum raha hai or pm bhi bana hai,Matched via exact strategy
309,aspect,tweet,2,2,exact,True,tweet,Matched via exact strategy
309,opinion,itni jaldi tweet kar dia,0,4,exact,True,itni jaldi tweet kar dia,Matched via exact strategy
310,aspect,confidence,1,1,exact,True,confidence,Matched via exact strategy
310,opinion,yhi confidence apne relatives ke saamne plis,0,6,exact,True,yhi confidence apne relatives ke saamne plis,Matched via exact strategy
311,aspect,unfollow,1,1,exact,True,unfollow,Matched via exact strategy
311,opinion,meri yaad me pal pal maroge,4,9,exact,True,meri yaad me pal pal maroge,Matched via exact strategy
312,aspect,friend,2,2,exact,True,friend,Matched via exact strategy
312,opinion,bata da phir on dono ko mujce mila da,4,12,exact,True,bata da phir on dono ko mujce mila da,Matched via exact strategy
312,aspect,ipzn2,15,15,exact,True,ipzn2,Matched via exact strategy
312,opinion,we want ipzn2,13,15,exact,True,we want ipzn2,Matched via exact strategy
313,aspect,mu,7,7,exact,True,mu,Matched via exact strategy
313,opinion,naak hi nazar ati,9,12,exact,True,naak hi nazar ati,Matched via exact strategy
314,aspect,religion,-1,-1,unmatched,False,,Matched via unmatched strategy
314,opinion,taking the so called relegion of peace,4,10,exact,True,taking the so called relegion of peace,Matched via exact strategy
314,aspect,aunty,13,13,exact,True,aunty,Matched via exact strategy
314,opinion,zara shakal dekho apne,14,17,exact,True,zara shakal dekho apne,Matched via exact strategy
315,aspect,infrastructure,15,15,exact,True,infrastructure,Matched via exact strategy
315,opinion,struggle and truth of infrastructure and facilities they got,11,19,exact,True,struggle and truth of infrastructure and facilities they got,Matched via exact strategy
315,aspect,facilities,17,17,exact,True,facilities,Matched via exact strategy
315,opinion,struggle and truth of infrastructure and facilities they got,11,19,exact,True,struggle and truth of infrastructure and facilities they got,Matched via exact strategy
315,aspect,credit,24,24,exact,True,credit,Matched via exact strategy
315,opinion,credit lene sab aa gaye,24,28,exact,True,credit lene sab aa gaye,Matched via exact strategy
315,aspect,players,1,1,exact,True,players,Matched via exact strategy
315,opinion,gaon se nikle players sirf iss liye khelte taki apne desh aur apne gaon ke liye kuch kar sake,32,50,exact,True,gaon se nikle players sirf iss liye khelte taki apne desh aur apne gaon ke liye kuch kar sake,Matched via exact strategy
316,aspect,dhong,11,11,exact,True,dhong,Matched via exact strategy
316,opinion,cheekne chillane se jhooth sach me nahi badalta apka ye dhong janta jan chuki hai,1,15,exact,True,cheekne chillane se jhooth sach me nahi badalta apka ye dhong janta jan chuki hai,Matched via exact strategy
316,aspect,menifesto,18,18,exact,True,menifesto,Matched via exact strategy
316,opinion,phle apne menifesto m isi 3 bills ko shi bttate ho or bad m inhi ka virodh krte ho,16,34,exact,True,phle apne menifesto m isi 3 bills ko shi bttate ho or bad m inhi ka virodh krte ho,Matched via exact strategy
316,aspect,rajnneti,38,38,exact,True,rajnneti,Matched via exact strategy
316,opinion,kislie sirf ochii rajnneti krne k lie,35,41,exact,True,kislie sirf ochii rajnneti krne k lie,Matched via exact strategy
317,aspect,udyog,44,44,exact,True,udyog,Matched via exact strategy
317,opinion,wakalat karunga,47,48,exact,True,wakalat karunga,Matched via exact strategy
318,aspect,sarkar,5,5,exact,True,sarkar,Matched via exact strategy
318,opinion,ek bhi gunda nhi tha sab itne kitne khush the or charon taraf jobs bhi thi log bahut rich hua karte the roads bhi silver ki thi and everywhere there was prosperity,12,43,exact,True,ek bhi gunda nhi tha sab itne kitne khush the or charon taraf jobs bhi thi log bahut rich hua karte the roads bhi silver ki thi and everywhere there was prosperity,Matched via exact strategy
318,aspect,sarkar,5,5,exact,True,sarkar,Matched via exact strategy
318,opinion,sab barbad ho gaye,48,51,exact,True,sab barbad ho gaye,Matched via exact strategy
319,aspect,politics,5,5,exact,True,politics,Matched via exact strategy
319,opinion,tab pta chl gya tha jab aaap silent the gov ko question krne k bjaye chaatne ki klla full kri apne,8,28,exact,True,tab pta chl gya tha jab aaap silent the gov ko question krne k bjaye chaatne ki klla full kri apne,Matched via exact strategy
319,aspect,political view,40,41,exact,True,political view,Matched via exact strategy
319,opinion,one sided,45,46,exact,True,one sided,Matched via exact strategy
320,aspect,attitude,11,11,exact,True,attitude,Matched via exact strategy
320,opinion,that s a good attitude,7,11,exact,True,that s a good attitude,Matched via exact strategy
321,aspect,religion,4,4,exact,True,religion,Matched via exact strategy
321,opinion,apne purvajo k religion ko follow kr k unki aatmaao ko saanti de sako sab aap log to bahot badhiya kab tak dusre religion ka bhaar dhote rahoge,1,28,exact,True,apne purvajo k religion ko follow kr k unki aatmaao ko saanti de sako sab aap log to bahot badhiya kab tak dusre religion ka bhaar dhote rahoge,Matched via exact strategy
322,aspect,kaum,18,18,exact,True,kaum,Matched via exact strategy
322,opinion,galat logo ka bhi support karte ho,20,26,exact,True,galat logo ka bhi support karte ho,Matched via exact strategy
323,aspect,comment,8,8,exact,True,comment,Matched via exact strategy
323,opinion,rascist comment krna jroori tha kya,7,12,exact,True,rascist comment krna jroori tha kya,Matched via exact strategy
323,aspect,kavita,22,22,exact,True,kavita,Matched via exact strategy
323,opinion,buddhijivi hone ka sara proof iss kavita mai he dena jroori tha had ho gyii yr,16,31,exact,True,buddhijivi hone ka sara proof iss kavita mai he dena jroori tha had ho gyii yr,Matched via exact strategy
324,aspect,dua,-1,-1,unmatched,False,,Matched via unmatched strategy
324,opinion,giving me shivers allah hamari behn betiyin ko apne aman me rakh ameen suma ameen,0,14,exact,True,giving me shivers allah hamari behn betiyin ko apne aman me rakh ameen suma ameen,Matched via exact strategy
325,aspect,isis brothers,4,5,exact,True,isis brothers,Matched via exact strategy
325,opinion,isis brothers ka v suna deena sayad kal unme se koi bada hooke kasab adil ahmad dar ya burhan wani jese naam kare,4,26,exact,True,isis brothers ka v suna deena sayad kal unme se koi bada hooke kasab adil ahmad dar ya burhan wani jese naam kare,Matched via exact strategy
326,aspect,chai,5,5,exact,True,chai,Matched via exact strategy
326,opinion,pyare hathon sey chai shai hii pilla do,2,9,exact,True,pyare hathon sey chai shai hii pilla do,Matched via exact strategy
327,aspect,songs,16,16,exact,True,songs,Matched via exact strategy
327,opinion,baar baar apne songs ki promotions ke liye bhikmanga mat ban jaaya kar,13,25,exact,True,baar baar apne songs ki promotions ke liye bhikmanga mat ban jaaya kar,Matched via exact strategy
327,aspect,fan following,34,35,exact,True,fan following,Matched via exact strategy
327,opinion,kahin teri fan following naa zero ho jaaye,32,39,exact,True,kahin teri fan following naa zero ho jaaye,Matched via exact strategy
328,aspect,batting,-1,-1,unmatched,False,,Matched via unmatched strategy
328,opinion,14 16 par 20 nahi banae balke 20 balls par 14 runs banaye,0,12,exact,True,14 16 par 20 nahi banae balke 20 balls par 14 runs banaye,Matched via exact strategy
328,aspect,khiladi,-1,-1,unmatched,False,,Matched via unmatched strategy
328,opinion,duniya ke konse hitters aise khelte is liye khushdil ka bata raha,26,37,exact,True,duniya ke konse hitters aise khelte is liye khushdil ka bata raha,Matched via exact strategy
329,aspect,reservation,26,26,exact,True,reservation,Matched via exact strategy
329,opinion,reservation dedo hume bas ved puran padhte hain fir bhi bakiyon ki halat kharab rehti h ki reservation chla gya toh hum kya karenge,26,49,exact,True,reservation dedo hume bas ved puran padhte hain fir bhi bakiyon ki halat kharab rehti h ki reservation chla gya toh hum kya karenge,Matched via exact strategy
330,aspect,faisla,8,8,exact,True,faisla,Matched via exact strategy
330,opinion,desh ke hit mein faisla diya hai,4,10,exact,True,desh ke hit mein faisla diya hai,Matched via exact strategy
330,aspect,jaanch,12,12,exact,True,jaanch,Matched via exact strategy
330,opinion,jaanch ki baat kahi hai,12,16,exact,True,jaanch ki baat kahi hai,Matched via exact strategy
331,aspect,sarlu nd ginni,12,14,exact,True,sarlu nd ginni,Matched via exact strategy
331,opinion,come back,16,17,exact,True,come back,Matched via exact strategy
331,aspect,ipzn2,20,20,exact,True,ipzn2,Matched via exact strategy
331,opinion,we want,10,11,exact,True,we want,Matched via exact strategy
332,aspect,video,38,38,exact,True,video,Matched via exact strategy
332,opinion,chhi didi kya dekh rahi,53,57,exact,True,chhi didi kya dekh rahi,Matched via exact strategy
333,aspect,case,4,4,exact,True,case,Matched via exact strategy
333,opinion,suhag raat ke din pida marke apne pati ka sir phod di thi,11,23,exact,True,suhag raat ke din pida marke apne pati ka sir phod di thi,Matched via exact strategy
334,aspect,decision,5,5,exact,True,decision,Matched via exact strategy
334,opinion,aap apne decision k khud jimedar ho,3,9,exact,True,aap apne decision k khud jimedar ho,Matched via exact strategy
334,aspect,company,29,29,exact,True,company,Matched via exact strategy
334,opinion,jo company mere paimane pe shi utarti h m vhi buy krta hoon,38,50,exact,True,jo company mere paimane pe shi utarti h m vhi buy krta hoon,Matched via exact strategy
335,aspect,leader,3,3,exact,True,leader,Matched via exact strategy
335,opinion,zillat se hi jeo ghe aur zillat se hi marro ghe ye tumarib qismat ha,5,19,exact,True,zillat se hi jeo ghe aur zillat se hi marro ghe ye tumarib qismat ha,Matched via exact strategy
336,aspect,rkv things,0,1,exact,True,rkv things,Matched via exact strategy
336,opinion,slays same,2,3,exact,True,slays same,Matched via exact strategy
336,aspect,eijaz,10,10,exact,True,eijaz,Matched via exact strategy
336,opinion,baadme chicha irritate karne lage,12,16,exact,True,baadme chicha irritate karne lage,Matched via exact strategy
336,aspect,champ,19,19,exact,True,champ,Matched via exact strategy
336,opinion,jo dhamaka kia sab dekhte reh gaye,21,27,exact,True,jo dhamaka kia sab dekhte reh gaye,Matched via exact strategy
337,aspect,neta,0,0,exact,True,neta,Matched via exact strategy
337,opinion,rally mein bola bharatmatakijai election jeetne ke liye,1,8,exact,True,rally mein bola bharatmatakijai election jeetne ke liye,Matched via exact strategy
337,aspect,khiladi,10,10,exact,True,khiladi,Matched via exact strategy
337,opinion,khele aur jeeta to poora bharat apne aap bola bharatmatakijai,11,20,exact,True,khele aur jeeta to poora bharat apne aap bola bharatmatakijai,Matched via exact strategy
338,aspect,shaykh,7,7,exact,True,shaykh,Matched via exact strategy
338,opinion,apne shaykh ko defend krne aur mjhe bura bhala bolne se pahle shaykh ibn baaz ka fatwa dekh lo,6,24,exact,True,apne shaykh ko defend krne aur mjhe bura bhala bolne se pahle shaykh ibn baaz ka fatwa dekh lo,Matched via exact strategy
339,aspect,bhakt,28,28,exact,True,bhakt,Matched via exact strategy
339,opinion,lynching mat krwa dena apne bhakt sathiyo ke sath,23,31,exact,True,lynching mat krwa dena apne bhakt sathiyo ke sath,Matched via exact strategy
340,aspect,pipal,0,0,exact,True,pipal,Matched via exact strategy
340,opinion,ek mamuli ped nahi,3,6,exact,True,ek mamuli ped nahi,Matched via exact strategy
340,aspect,pipal ka ped,7,9,exact,True,pipal ka ped,Matched via exact strategy
340,opinion,devta k saman h,12,15,exact,True,devta k saman h,Matched via exact strategy
341,aspect,post,2,2,exact,True,post,Matched via exact strategy
341,opinion,jo apne post ya bio m likhte h love me or hate btw not change me,0,15,exact,True,jo apne post ya bio m likhte h love me or hate btw not change me,Matched via exact strategy
341,aspect,bio,4,4,exact,True,bio,Matched via exact strategy
341,opinion,jo apne post ya bio m likhte h love me or hate btw not change me,0,15,exact,True,jo apne post ya bio m likhte h love me or hate btw not change me,Matched via exact strategy
341,aspect,beshram,19,19,exact,True,beshram,Matched via exact strategy
341,opinion,tm beshram the beshram ho or beshram hi rhoge,18,26,exact,True,tm beshram the beshram ho or beshram hi rhoge,Matched via exact strategy
342,aspect,zakhm,11,11,exact,True,zakhm,Matched via exact strategy
342,opinion,apne zakhm dikha loon,10,13,exact,True,apne zakhm dikha loon,Matched via exact strategy
343,aspect,app,9,9,exact,True,app,Matched via exact strategy
343,opinion,nazar h humari,11,13,exact,True,nazar h humari,Matched via exact strategy
343,aspect,show,15,15,exact,True,show,Matched via exact strategy
343,opinion,plz show dedo,14,16,exact,True,plz show dedo,Matched via exact strategy
344,aspect,pm,2,2,exact,True,pm,Matched via exact strategy
344,opinion,kesa pm h jo apne desh k logo k liye healthy anaj bhi nhi available kra pa rha h,1,19,exact,True,kesa pm h jo apne desh k logo k liye healthy anaj bhi nhi available kra pa rha h,Matched via exact strategy
344,aspect,advt,22,22,exact,True,advt,Matched via exact strategy
344,opinion,desh k logo ka paisa waist kiye ja rha h,24,33,exact,True,desh k logo ka paisa waist kiye ja rha h,Matched via exact strategy
344,aspect,kursi,40,40,exact,True,kursi,Matched via exact strategy
344,opinion,nhi sambhal rha h desh to kursi s utar kyu nhi jate ho,34,46,exact,True,nhi sambhal rha h desh to kursi s utar kyu nhi jate ho,Matched via exact strategy
345,aspect,secularism,32,32,exact,True,secularism,Matched via exact strategy
345,opinion,hail secularism,31,32,exact,True,hail secularism,Matched via exact strategy
345,aspect,tum,0,0,exact,True,tum,Matched via exact strategy
345,opinion,pichle 1000 varsho islamic terrorism nhi bol paye,3,10,exact,True,pichle 1000 varsho islamic terrorism nhi bol paye,Matched via exact strategy
345,aspect,hindu,12,12,exact,True,hindu,Matched via exact strategy
345,opinion,apne equal rights ke liye bol rahe hain,13,20,exact,True,apne equal rights ke liye bol rahe hain,Matched via exact strategy
346,aspect,surya,6,6,exact,True,surya,Matched via exact strategy
346,opinion,nimbu paani pilane gaya hoga,1,5,exact,True,nimbu paani pilane gaya hoga,Matched via exact strategy
346,aspect,karyakarta,9,9,exact,True,karyakarta,Matched via exact strategy
346,opinion,nimbu paani pilane gaya hoga,1,5,exact,True,nimbu paani pilane gaya hoga,Matched via exact strategy
347,aspect,insan,6,6,exact,True,insan,Matched via exact strategy
347,opinion,bahut hi yogya or shalin,1,5,exact,True,bahut hi yogya or shalin,Matched via exact strategy
347,aspect,sanghars,10,10,exact,True,sanghars,Matched via exact strategy
347,opinion,prtychh darshi raha hu,12,15,exact,True,prtychh darshi raha hu,Matched via exact strategy
347,aspect,netao,26,26,exact,True,netao,Matched via exact strategy
347,opinion,anurodh karunga ki onko onka haq de kr sammanit kiya jaye,28,38,exact,True,anurodh karunga ki onko onka haq de kr sammanit kiya jaye,Matched via exact strategy
348,aspect,physical conduct,7,8,exact,True,physical conduct,Matched via exact strategy
348,opinion,krwaye jaye please,9,11,exact,True,krwaye jaye please,Matched via exact strategy
348,aspect,fake corona report,14,16,exact,True,fake corona report,Matched via exact strategy
348,opinion,vhance dia,20,21,exact,True,vhance dia,Matched via exact strategy
348,aspect,medical,30,30,exact,True,medical,Matched via exact strategy
348,opinion,genuine lga rakha hai,29,33,approximate,False,genuine medical lga rakha hai,Matched via approximate strategy
349,aspect,chhoti credit,3,4,exact,True,chhoti credit,Matched via exact strategy
349,opinion,support karenge,6,7,exact,True,support karenge,Matched via exact strategy
349,aspect,india,10,10,exact,True,india,Matched via exact strategy
349,opinion,support karenge,6,7,exact,True,support karenge,Matched via exact strategy
349,aspect,chhote traders,21,22,exact,True,chhote traders,Matched via exact strategy
349,opinion,support karna hai,24,26,exact,True,support karna hai,Matched via exact strategy
350,aspect,sung,24,24,exact,True,sung,Matched via exact strategy
350,opinion,soulfully sung,23,24,exact,True,soulfully sung,Matched via exact strategy
350,aspect,question,20,20,exact,True,question,Matched via exact strategy
350,opinion,the million dollar question,17,20,exact,True,the million dollar question,Matched via exact strategy
351,aspect,dost,2,2,exact,True,dost,Matched via exact strategy
351,opinion,kyun pareshan kar rahe hain,6,10,exact,True,kyun pareshan kar rahe hain,Matched via exact strategy
351,aspect,mandir,19,19,exact,True,mandir,Matched via exact strategy
351,opinion,tod diya,21,22,exact,True,tod diya,Matched via exact strategy
351,aspect,param mitra,36,37,exact,True,param mitra,Matched via exact strategy
351,opinion,aapke to param mitra hain wo,34,39,exact,True,aapke to param mitra hain wo,Matched via exact strategy
352,aspect,naam,3,3,exact,True,naam,Matched via exact strategy
352,opinion,trend kr tha tha,4,7,exact,True,trend kr tha tha,Matched via exact strategy
352,aspect,tweet,15,15,exact,True,tweet,Matched via exact strategy
352,opinion,it doesn t matter ki apne kittne kite hai,8,17,approximate,False,it doesn t matter ki apne kittne tweet kite hai,Matched via approximate strategy
353,aspect,system,8,8,exact,True,system,Matched via exact strategy
353,opinion,apne system se kaam kr raha h,7,13,exact,True,apne system se kaam kr raha h,Matched via exact strategy
353,aspect,sikho,20,20,exact,True,sikho,Matched via exact strategy
353,opinion,naam khrab kiya h,22,25,exact,True,naam khrab kiya h,Matched via exact strategy
354,aspect,sanskar,6,6,exact,True,sanskar,Matched via exact strategy
354,opinion,ise kehte hai sanskar jo tum jaeso ke andar nahi,3,12,exact,True,ise kehte hai sanskar jo tum jaeso ke andar nahi,Matched via exact strategy
354,aspect,sharir,38,38,exact,True,sharir,Matched via exact strategy
354,opinion,jitna mota sharir,36,38,exact,True,jitna mota sharir,Matched via exact strategy
354,aspect,dimag,41,41,exact,True,dimag,Matched via exact strategy
354,opinion,utna mota dimag,39,41,exact,True,utna mota dimag,Matched via exact strategy
355,aspect,logo,4,4,exact,True,logo,Matched via exact strategy
355,opinion,pehchaan jaata,6,7,exact,True,pehchaan jaata,Matched via exact strategy
356,aspect,apne apko,6,7,exact,True,apne apko,Matched via exact strategy
356,opinion,torture karney ka boht shaukh hai,8,13,exact,True,torture karney ka boht shaukh hai,Matched via exact strategy
356,aspect,it,15,15,exact,True,it,Matched via exact strategy
356,opinion,torturing me,17,18,exact,True,torturing me,Matched via exact strategy
357,aspect,tweet,19,19,exact,True,tweet,Matched via exact strategy
357,opinion,karta reh jaye,20,22,exact,True,karta reh jaye,Matched via exact strategy
357,aspect,chinese style treatment,26,28,exact,True,chinese style treatment,Matched via exact strategy
357,opinion,achanak chalu ho jaye,29,31,approximate,False,chalu ho jaye,Matched via approximate strategy
358,aspect,mafi veeron,7,8,exact,True,mafi veeron,Matched via exact strategy
358,opinion,nahi azaad karwaya h desh ko wo bass talve chat rahe the,10,21,exact,True,nahi azaad karwaya h desh ko wo bass talve chat rahe the,Matched via exact strategy
358,aspect,musalman,22,22,exact,True,musalman,Matched via exact strategy
358,opinion,apne khoon ka balidan diya h,25,30,exact,True,apne khoon ka balidan diya h,Matched via exact strategy
359,aspect,it cell,1,2,exact,True,it cell,Matched via exact strategy
359,opinion,pure india se aa jaate hai apne shilduo ko support karne,4,14,exact,True,pure india se aa jaate hai apne shilduo ko support karne,Matched via exact strategy
359,aspect,shilduo,11,11,exact,True,shilduo,Matched via exact strategy
359,opinion,jisko jammu ka j bi nhi pata hota na dogro ki history ka abc pata hota hai,15,31,exact,True,jisko jammu ka j bi nhi pata hota na dogro ki history ka abc pata hota hai,Matched via exact strategy
360,aspect,teaching,8,8,exact,True,teaching,Matched via exact strategy
360,opinion,ek time mai private teacher tha,1,6,exact,True,ek time mai private teacher tha,Matched via exact strategy
360,aspect,story,14,14,exact,True,story,Matched via exact strategy
360,opinion,koi link na hone se use apne copy tak hi simit rakha hai,19,31,exact,True,koi link na hone se use apne copy tak hi simit rakha hai,Matched via exact strategy
360,aspect,mauka,35,35,exact,True,mauka,Matched via exact strategy
360,opinion,mujhe ek mauka chahiye khud ko sabit karne ke liye,33,42,exact,True,mujhe ek mauka chahiye khud ko sabit karne ke liye,Matched via exact strategy
361,aspect,mishra,0,0,exact,True,mishra,Matched via exact strategy
361,opinion,chewingum padh to le kya likha hai,1,7,exact,True,chewingum padh to le kya likha hai,Matched via exact strategy
361,aspect,lynching genocide,9,10,exact,True,lynching genocide,Matched via exact strategy
361,opinion,enjoy krte ho,11,13,exact,True,enjoy krte ho,Matched via exact strategy
361,aspect,laashe,22,22,exact,True,laashe,Matched via exact strategy
361,opinion,ganga yamuna se apne logo ki uthalo phle,16,24,approximate,False,ganga yamuna se apne logo ki laashe uthalo phle,Matched via approximate strategy
362,aspect,kursi,5,5,exact,True,kursi,Matched via exact strategy
362,opinion,apne shared beach detention hai,8,12,exact,True,apne shared beach detention hai,Matched via exact strategy
363,aspect,gaal,2,2,exact,True,gaal,Matched via exact strategy
363,opinion,parcel kr do,3,5,exact,True,parcel kr do,Matched via exact strategy
363,aspect,darshuu,15,15,exact,True,darshuu,Matched via exact strategy
363,opinion,i wanna plzz,12,14,exact,True,i wanna plzz,Matched via exact strategy
364,aspect,uncle,0,0,exact,True,uncle,Matched via exact strategy
364,opinion,apne marne ki fikar karo woah bhi lonely,2,9,exact,True,apne marne ki fikar karo woah bhi lonely,Matched via exact strategy
365,aspect,mask,2,2,exact,True,mask,Matched via exact strategy
365,opinion,apne mask nhi phna h,1,5,exact,True,apne mask nhi phna h,Matched via exact strategy
365,aspect,neerajchopra,7,7,exact,True,neerajchopra,Matched via exact strategy
365,opinion,goldmedal,6,6,exact,True,goldmedal,Matched via exact strategy
366,aspect,logg,6,6,exact,True,logg,Matched via exact strategy
366,opinion,apne hi reply pe reply dete hai,7,13,exact,True,apne hi reply pe reply dete hai,Matched via exact strategy
366,aspect,nasha,16,16,exact,True,nasha,Matched via exact strategy
366,opinion,konsa nasha karte hooo,15,18,exact,True,konsa nasha karte hooo,Matched via exact strategy
367,aspect,unit test,6,7,exact,True,unit test,Matched via exact strategy
367,opinion,lagi padi hai,0,2,exact,True,lagi padi hai,Matched via exact strategy
367,aspect,padhai,-1,-1,unmatched,False,,Matched via unmatched strategy
367,opinion,ghanta kuch nahi aata,14,17,exact,True,ghanta kuch nahi aata,Matched via exact strategy
367,aspect,work,23,23,exact,True,work,Matched via exact strategy
367,opinion,put on a pause,24,26,approximate,False,on a pause,Matched via approximate strategy
368,aspect,dil,50,50,exact,True,dil,Matched via exact strategy
368,opinion,lage rho apne dil ko tasalian dene,47,53,exact,True,lage rho apne dil ko tasalian dene,Matched via exact strategy
369,aspect,overtime,12,12,exact,True,overtime,Matched via exact strategy
369,opinion,hamen nahin milta hai,18,21,exact,True,hamen nahin milta hai,Matched via exact strategy
369,aspect,sar,22,22,exact,True,sar,Matched via exact strategy
369,opinion,apne aap hi kha jaate,23,27,exact,True,apne aap hi kha jaate,Matched via exact strategy
370,aspect,free,2,2,exact,True,free,Matched via exact strategy
370,opinion,itna bhi free nhi hona chahiye,0,5,exact,True,itna bhi free nhi hona chahiye,Matched via exact strategy
370,aspect,kadar,9,9,exact,True,kadar,Matched via exact strategy
370,opinion,koyi apki kadar na kre,7,11,exact,True,koyi apki kadar na kre,Matched via exact strategy
370,aspect,ignore,14,14,exact,True,ignore,Matched via exact strategy
370,opinion,itna v ignore nhi krna chahiye,12,17,exact,True,itna v ignore nhi krna chahiye,Matched via exact strategy
371,aspect,university,7,7,exact,True,university,Matched via exact strategy
371,opinion,dropout krne ja rhe,2,5,exact,True,dropout krne ja rhe,Matched via exact strategy
371,aspect,admission,9,9,exact,True,admission,Matched via exact strategy
371,opinion,lpu,13,13,exact,True,lpu,Matched via exact strategy
371,aspect,bronze,19,19,exact,True,bronze,Matched via exact strategy
371,opinion,le hi aayenge,21,23,exact,True,le hi aayenge,Matched via exact strategy
372,aspect,paisa,2,2,exact,True,paisa,Matched via exact strategy
372,opinion,up 123 a jaye to sukoon apne aap e a jaye ga,0,12,approximate,False,up 123 paisa a jaye to sukoon apne aap e a jaye ga,Matched via approximate strategy
373,aspect,parivaar,2,2,exact,True,parivaar,Matched via exact strategy
373,opinion,baccha lijiye,4,5,exact,True,baccha lijiye,Matched via exact strategy
373,aspect,rupya,10,10,exact,True,rupya,Matched via exact strategy
373,opinion,wapas kar dunga,11,13,exact,True,wapas kar dunga,Matched via exact strategy
373,aspect,body,27,27,exact,True,body,Matched via exact strategy
373,opinion,donate karke aapka sara rupya wapas kar dunga,28,35,exact,True,donate karke aapka sara rupya wapas kar dunga,Matched via exact strategy
374,aspect,drama,-1,-1,unmatched,False,,Matched via unmatched strategy
374,opinion,drame k darshan kr k ayi,5,10,exact,True,drame k darshan kr k ayi,Matched via exact strategy
374,aspect,opinions,16,16,exact,True,opinions,Matched via exact strategy
374,opinion,sbki apne opinions or views ho skte h,14,21,exact,True,sbki apne opinions or views ho skte h,Matched via exact strategy
374,aspect,views,18,18,exact,True,views,Matched via exact strategy
374,opinion,hme srf reel life tk hi rkhna chahiye,26,33,exact,True,hme srf reel life tk hi rkhna chahiye,Matched via exact strategy
374,aspect,actors,42,42,exact,True,actors,Matched via exact strategy
374,opinion,what s the logic of commenting on the actors real life,34,44,exact,True,what s the logic of commenting on the actors real life,Matched via exact strategy
374,aspect,kahaani,-1,-1,unmatched,False,,Matched via unmatched strategy
374,opinion,shauryaauranokhikikahani,46,46,exact,True,shauryaauranokhikikahani,Matched via exact strategy
375,aspect,picture,1,1,exact,True,picture,Matched via exact strategy
375,opinion,dene ki keya jarurst hai,2,6,exact,True,dene ki keya jarurst hai,Matched via exact strategy
376,aspect,momma,0,0,exact,True,momma,Matched via exact strategy
376,opinion,aa hi jati hai apne son k sahi track pe lane,1,11,exact,True,aa hi jati hai apne son k sahi track pe lane,Matched via exact strategy
377,aspect,scheme,3,3,exact,True,scheme,Matched via exact strategy
377,opinion,apne pehle kyu ni btai,4,8,exact,True,apne pehle kyu ni btai,Matched via exact strategy
378,aspect,singing,2,2,exact,True,singing,Matched via exact strategy
378,opinion,mein tera naam bataon kisko,3,7,exact,True,mein tera naam bataon kisko,Matched via exact strategy
378,aspect,ammi,8,8,exact,True,ammi,Matched via exact strategy
378,opinion,apne baap ko bata de,10,14,exact,True,apne baap ko bata de,Matched via exact strategy
378,aspect,silence,16,16,exact,True,silence,Matched via exact strategy
378,opinion,awkward,15,15,exact,True,awkward,Matched via exact strategy
379,aspect,body,28,28,exact,True,body,Matched via exact strategy
379,opinion,donate kar ke aapka sara rupya wapasnkae dunga,29,36,exact,True,donate kar ke aapka sara rupya wapasnkae dunga,Matched via exact strategy
379,aspect,parivaar,2,2,exact,True,parivaar,Matched via exact strategy
379,opinion,khona nahi chahta hoon,11,14,exact,True,khona nahi chahta hoon,Matched via exact strategy
379,aspect,paise,19,19,exact,True,paise,Matched via exact strategy
379,opinion,bahut jyada jarurat hai,21,24,exact,True,bahut jyada jarurat hai,Matched via exact strategy
380,aspect,history,29,29,exact,True,history,Matched via exact strategy
380,opinion,galat padhai gayi hai,31,34,exact,True,galat padhai gayi hai,Matched via exact strategy
380,aspect,education minister,37,38,exact,True,education minister,Matched via exact strategy
380,opinion,sare muslim the,19,20,approximate,False,muslim the,Matched via approximate strategy
380,aspect,log,3,3,exact,True,log,Matched via exact strategy
380,opinion,had hai,41,42,exact,True,had hai,Matched via exact strategy
381,aspect,chopra1,0,0,exact,True,chopra1,Matched via exact strategy
381,opinion,apne to pura proud fill karwa dia,1,7,exact,True,apne to pura proud fill karwa dia,Matched via exact strategy
382,aspect,hypocrites,4,4,exact,True,hypocrites,Matched via exact strategy
382,opinion,not about,2,3,exact,True,not about,Matched via exact strategy
382,aspect,reason,9,9,exact,True,reason,Matched via exact strategy
382,opinion,sab ke apne,6,8,exact,True,sab ke apne,Matched via exact strategy
382,aspect,work,17,17,exact,True,work,Matched via exact strategy
382,opinion,too much,15,16,exact,True,too much,Matched via exact strategy
383,aspect,camera,2,2,exact,True,camera,Matched via exact strategy
383,opinion,laga do apne rooms mein,3,7,exact,True,laga do apne rooms mein,Matched via exact strategy
383,aspect,live feed,11,12,exact,True,live feed,Matched via exact strategy
383,opinion,humein rubinav wali dekhni h,8,14,approximate,False,humein rubinav wali live feed dekhni h,Matched via approximate strategy
384,aspect,ipzn 2,5,6,exact,True,ipzn 2,Matched via exact strategy
384,opinion,wapas laake rhenge,1,3,exact,True,wapas laake rhenge,Matched via exact strategy
385,aspect,lrke,5,5,exact,True,lrke,Matched via exact strategy
385,opinion,apne age k saare juniors ko date krege,1,9,approximate,False,apne age k saare lrke juniors ko date krege,Matched via approximate strategy
385,aspect,hmlg,11,11,exact,True,hmlg,Matched via exact strategy
385,opinion,single hi rhege,12,14,exact,True,single hi rhege,Matched via exact strategy
386,aspect,celeb,13,13,exact,True,celeb,Matched via exact strategy
386,opinion,sarre apne app ko celeb smjhte,9,14,exact,True,sarre apne app ko celeb smjhte,Matched via exact strategy
387,aspect,reveluvs,6,6,exact,True,reveluvs,Matched via exact strategy
387,opinion,daant ghiss rhe honge apne,7,11,exact,True,daant ghiss rhe honge apne,Matched via exact strategy
388,aspect,tu,4,4,exact,True,tu,Matched via exact strategy
388,opinion,busy h apne close once ke saath,6,12,exact,True,busy h apne close once ke saath,Matched via exact strategy
389,aspect,pehle 11,0,1,exact,True,pehle 11,Matched via exact strategy
389,opinion,aata tha apne time p,3,7,exact,True,aata tha apne time p,Matched via exact strategy
390,aspect,paisa,16,16,exact,True,paisa,Matched via exact strategy
390,opinion,kahi se paisa jyada earn kr saku bt koi fayada nhi huaa,14,25,exact,True,kahi se paisa jyada earn kr saku bt koi fayada nhi huaa,Matched via exact strategy
390,aspect,mahngai,34,34,exact,True,mahngai,Matched via exact strategy
390,opinion,mahngai ne or rula diya hai,34,39,exact,True,mahngai ne or rula diya hai,Matched via exact strategy
391,aspect,kamyabi,14,14,exact,True,kamyabi,Matched via exact strategy
391,opinion,bahut badi,12,13,exact,True,bahut badi,Matched via exact strategy
391,aspect,awards,2,2,exact,True,awards,Matched via exact strategy
391,opinion,5 national awards ko apne naam kar chuke hai,0,8,exact,True,5 national awards ko apne naam kar chuke hai,Matched via exact strategy
392,aspect,dost,13,13,exact,True,dost,Matched via exact strategy
392,opinion,terrorist se kaisae bacheyega,15,18,exact,True,terrorist se kaisae bacheyega,Matched via exact strategy
393,aspect,feku,44,44,exact,True,feku,Matched via exact strategy
393,opinion,apne feku ki tarfdaari hi karenge,43,48,exact,True,apne feku ki tarfdaari hi karenge,Matched via exact strategy
394,aspect,respect,4,4,exact,True,respect,Matched via exact strategy
394,opinion,sirf maa ko hi respect krta h,0,6,exact,True,sirf maa ko hi respect krta h,Matched via exact strategy
394,aspect,disrespect,11,11,exact,True,disrespect,Matched via exact strategy
394,opinion,dure ladki k disrespect,9,11,approximate,False,ladki k disrespect,Matched via approximate strategy
394,aspect,bolna,28,28,exact,True,bolna,Matched via exact strategy
394,opinion,chal tujhe bolna hi bekar h,26,31,exact,True,chal tujhe bolna hi bekar h,Matched via exact strategy
394,aspect,dm,35,35,exact,True,dm,Matched via exact strategy
394,opinion,mujhe dm or spam mt kia kr,34,40,exact,True,mujhe dm or spam mt kia kr,Matched via exact strategy
394,aspect,gandi baat,42,43,exact,True,gandi baat,Matched via exact strategy
394,opinion,gandi baat mt bolna,42,45,exact,True,gandi baat mt bolna,Matched via exact strategy
394,aspect,haad,48,48,exact,True,haad,Matched via exact strategy
394,opinion,apne haad me rha kr,47,51,exact,True,apne haad me rha kr,Matched via exact strategy
395,aspect,dp,11,11,exact,True,dp,Matched via exact strategy
395,opinion,jo bhi momina apne nam ki dp chahti hen,12,20,exact,True,jo bhi momina apne nam ki dp chahti hen,Matched via exact strategy
396,aspect,paisa,1,1,exact,True,paisa,Matched via exact strategy
396,opinion,apne mama ke ghar se laye the kya,2,9,exact,True,apne mama ke ghar se laye the kya,Matched via exact strategy
397,aspect,madad,11,11,exact,True,madad,Matched via exact strategy
397,opinion,apne registered contact details ke saath dm par humari madad karen,2,12,exact,True,apne registered contact details ke saath dm par humari madad karen,Matched via exact strategy
397,aspect,team,15,15,exact,True,team,Matched via exact strategy
397,opinion,humari team aapse sampark karegi,14,18,exact,True,humari team aapse sampark karegi,Matched via exact strategy
398,aspect,story,4,4,exact,True,story,Matched via exact strategy
398,opinion,love virat ne apni story apne friend ke naam se bataya,0,10,exact,True,love virat ne apni story apne friend ke naam se bataya,Matched via exact strategy
398,aspect,love,0,0,exact,True,love,Matched via exact strategy
398,opinion,telling virat how his friend should propose his love,15,23,exact,True,telling virat how his friend should propose his love,Matched via exact strategy
399,aspect,bb15,5,5,exact,True,bb15,Matched via exact strategy
399,opinion,2 4 hi qualify honge,2,8,approximate,False,2 4 hi bb15 keliye qualify honge,Matched via approximate strategy
399,aspect,koyi,14,14,exact,True,koyi,Matched via exact strategy
399,opinion,abhi toh nhi accha lg rha meko,16,22,exact,True,abhi toh nhi accha lg rha meko,Matched via exact strategy
400,aspect,ipzn2,12,12,exact,True,ipzn2,Matched via exact strategy
400,opinion,pls give ipzn2 we want ipzn2,10,15,exact,True,pls give ipzn2 we want ipzn2,Matched via exact strategy
401,aspect,nature,0,0,exact,True,nature,Matched via exact strategy
401,opinion,jitna bhi likhiye utna hi kam hain,4,10,exact,True,jitna bhi likhiye utna hi kam hain,Matched via exact strategy
401,aspect,nature,0,0,exact,True,nature,Matched via exact strategy
401,opinion,itna pyaara banaya hain,16,19,exact,True,itna pyaara banaya hain,Matched via exact strategy
401,aspect,nature,0,0,exact,True,nature,Matched via exact strategy
401,opinion,apne pyaarepan se hamesha khushi hi deta hain,22,29,exact,True,apne pyaarepan se hamesha khushi hi deta hain,Matched via exact strategy
401,aspect,tree,33,33,exact,True,tree,Matched via exact strategy
401,opinion,ek tehni par pattiyaan bhi lagti hain phuul bhi khilte hain,36,46,exact,True,ek tehni par pattiyaan bhi lagti hain phuul bhi khilte hain,Matched via exact strategy
401,aspect,ped,34,34,exact,True,ped,Matched via exact strategy
401,opinion,ek tehni par pattiyaan bhi lagti hain phuul bhi khilte hain,36,46,exact,True,ek tehni par pattiyaan bhi lagti hain phuul bhi khilte hain,Matched via exact strategy
402,aspect,school,9,9,exact,True,school,Matched via exact strategy
402,opinion,ache school me padha sakta he jahan general hone ke naam par ushke bache sabshe jayada merit laaye aur sabshe jyada fee 2 se 3 lakh de,8,34,exact,True,ache school me padha sakta he jahan general hone ke naam par ushke bache sabshe jayada merit laaye aur sabshe jyada fee 2 se 3 lakh de,Matched via exact strategy
402,aspect,india,52,52,exact,True,india,Matched via exact strategy
402,opinion,kyo india me paida hua,51,55,exact,True,kyo india me paida hua,Matched via exact strategy
403,aspect,yaari dosti,6,7,exact,True,yaari dosti,Matched via exact strategy
403,opinion,apni jagah paise apne apne,8,12,exact,True,apni jagah paise apne apne,Matched via exact strategy
404,aspect,champ,3,3,exact,True,champ,Matched via exact strategy
404,opinion,apne aap ko champ samajte ho,0,5,exact,True,apne aap ko champ samajte ho,Matched via exact strategy
405,aspect,grades,4,4,exact,True,grades,Matched via exact strategy
405,opinion,apne apne grades se satisfy honge,2,7,exact,True,apne apne grades se satisfy honge,Matched via exact strategy
406,aspect,moment,30,30,exact,True,moment,Matched via exact strategy
406,opinion,bohat enjoy kya hmne is beautiful moment ko,24,31,exact,True,bohat enjoy kya hmne is beautiful moment ko,Matched via exact strategy
407,aspect,humor,0,0,exact,True,humor,Matched via exact strategy
407,opinion,apne dna ki jayega,1,4,exact,True,apne dna ki jayega,Matched via exact strategy
408,aspect,dost,5,5,exact,True,dost,Matched via exact strategy
408,opinion,apne hr dost ke st hr waqt kharra ho,7,15,exact,True,apne hr dost ke st hr waqt kharra ho,Matched via exact strategy
409,aspect,dp,11,11,exact,True,dp,Matched via exact strategy
409,opinion,intezar muharram dp jo bhi momin apne nam ki dp chahta hen,9,20,exact,True,intezar muharram dp jo bhi momin apne nam ki dp chahta hen,Matched via exact strategy
410,aspect,filmon,6,6,exact,True,filmon,Matched via exact strategy
410,opinion,kaameyaab,5,5,exact,True,kaameyaab,Matched via exact strategy
410,aspect,filmen,31,31,exact,True,filmen,Matched via exact strategy
410,opinion,kaafi achhi,29,30,exact,True,kaafi achhi,Matched via exact strategy
411,aspect,conversation,7,7,exact,True,conversation,Matched via exact strategy
411,opinion,kisi ladki k conversation k bich ja kr,4,11,exact,True,kisi ladki k conversation k bich ja kr,Matched via exact strategy
411,aspect,respect,22,22,exact,True,respect,Matched via exact strategy
411,opinion,apne maa ko respect krta h to kisi dusre ladki ko bhi respect kr,19,32,exact,True,apne maa ko respect krta h to kisi dusre ladki ko bhi respect kr,Matched via exact strategy
412,aspect,bb ott,2,3,exact,True,bb ott,Matched via exact strategy
412,opinion,apne matlab ka kuch nahi hai yeh,5,11,exact,True,apne matlab ka kuch nahi hai yeh,Matched via exact strategy
413,aspect,site,2,2,exact,True,site,Matched via exact strategy
413,opinion,fake site,1,2,exact,True,fake site,Matched via exact strategy
413,aspect,army,13,13,exact,True,army,Matched via exact strategy
413,opinion,trust nhi kar skate,16,19,exact,True,trust nhi kar skate,Matched via exact strategy
414,aspect,mamle,1,1,exact,True,mamle,Matched via exact strategy
414,opinion,jhuta case bnba diya h,12,16,exact,True,jhuta case bnba diya h,Matched via exact strategy
415,aspect,modi,10,10,exact,True,modi,Matched via exact strategy
415,opinion,kahi kaha hai ye maine laya kr ke,12,19,exact,True,kahi kaha hai ye maine laya kr ke,Matched via exact strategy
415,aspect,olympic,41,41,exact,True,olympic,Matched via exact strategy
415,opinion,khud jakar dikhayo olympic main,38,42,exact,True,khud jakar dikhayo olympic main,Matched via exact strategy
416,aspect,batting,-1,-1,unmatched,False,,Matched via unmatched strategy
416,opinion,40 ball 32,5,7,exact,True,40 ball 32,Matched via exact strategy
417,aspect,picture,2,2,exact,True,picture,Matched via exact strategy
417,opinion,acha lgta hai,5,7,exact,True,acha lgta hai,Matched via exact strategy
417,aspect,reality,8,8,exact,True,reality,Matched via exact strategy
417,opinion,mulle apne behen k v bhai nh hote,11,18,exact,True,mulle apne behen k v bhai nh hote,Matched via exact strategy
418,aspect,interview,5,5,exact,True,interview,Matched via exact strategy
418,opinion,apne suna hai agar nahi to jaake sun lijiye,6,14,exact,True,apne suna hai agar nahi to jaake sun lijiye,Matched via exact strategy
419,aspect,ameesha patel,14,15,exact,True,ameesha patel,Matched via exact strategy
419,opinion,bas aage ke peeche ke ball chupane ke liye jitne kapde chahiye utna pehenti hai saali kutiya,22,38,exact,True,bas aage ke peeche ke ball chupane ke liye jitne kapde chahiye utna pehenti hai saali kutiya,Matched via exact strategy
420,aspect,youth,4,4,exact,True,youth,Matched via exact strategy
420,opinion,apne youth se khud hi pareshan hai,3,9,exact,True,apne youth se khud hi pareshan hai,Matched via exact strategy
420,aspect,youth,4,4,exact,True,youth,Matched via exact strategy
420,opinion,other youth let s take decision on future for better living,10,20,exact,True,other youth let s take decision on future for better living,Matched via exact strategy
420,aspect,youth,4,4,exact,True,youth,Matched via exact strategy
420,opinion,pakistan s youth,21,23,exact,True,pakistan s youth,Matched via exact strategy
420,aspect,ammo,27,27,exact,True,ammo,Matched via exact strategy
420,opinion,which ammo is for this gun,26,31,exact,True,which ammo is for this gun,Matched via exact strategy
420,aspect,medals,38,38,exact,True,medals,Matched via exact strategy
420,opinion,wants some medals at world stages,36,41,exact,True,wants some medals at world stages,Matched via exact strategy
421,aspect,girls,2,2,exact,True,girls,Matched via exact strategy
421,opinion,apne aap e ho jaty hn fikr not,4,11,exact,True,apne aap e ho jaty hn fikr not,Matched via exact strategy
422,aspect,vacancy,6,6,exact,True,vacancy,Matched via exact strategy
422,opinion,7 year ho gy,17,20,exact,True,7 year ho gy,Matched via exact strategy
422,aspect,bharti,11,11,exact,True,bharti,Matched via exact strategy
422,opinion,kb s aare 7 year ho gy,14,20,exact,True,kb s aare 7 year ho gy,Matched via exact strategy
423,aspect,neta,51,51,exact,True,neta,Matched via exact strategy
423,opinion,kya kiye,52,53,exact,True,kya kiye,Matched via exact strategy
423,aspect,rajniti,37,37,exact,True,rajniti,Matched via exact strategy
423,opinion,apne logo ko aage badhaye ke liye kiya unko aarakshan naukri di,38,49,exact,True,apne logo ko aage badhaye ke liye kiya unko aarakshan naukri di,Matched via exact strategy
424,aspect,tejpratap,5,5,exact,True,tejpratap,Matched via exact strategy
424,opinion,anti forward venomous thought ke poshak hai aur apne duty ka nirvahan kar rahe hai,14,28,exact,True,anti forward venomous thought ke poshak hai aur apne duty ka nirvahan kar rahe hai,Matched via exact strategy
425,aspect,player,-1,-1,unmatched,False,,Matched via unmatched strategy
425,opinion,hum apne ahaan the mhaan ko wapas chahte h pls de do we want ipzn2,0,14,exact,True,hum apne ahaan the mhaan ko wapas chahte h pls de do we want ipzn2,Matched via exact strategy
426,aspect,song,17,17,exact,True,song,Matched via exact strategy
426,opinion,rang lai hai big boss song pe 10 m done,12,21,exact,True,rang lai hai big boss song pe 10 m done,Matched via exact strategy
426,aspect,mehnat,11,11,exact,True,mehnat,Matched via exact strategy
426,opinion,rang lai hai,12,14,exact,True,rang lai hai,Matched via exact strategy
427,aspect,jivan,5,5,exact,True,jivan,Matched via exact strategy
427,opinion,tabhi toh tum aa jivan single ho,1,7,exact,True,tabhi toh tum aa jivan single ho,Matched via exact strategy
428,aspect,kam,15,15,exact,True,kam,Matched via exact strategy
428,opinion,itne acche kam kiye,13,16,exact,True,itne acche kam kiye,Matched via exact strategy
428,aspect,action,32,32,exact,True,action,Matched via exact strategy
428,opinion,abhi tak kuch action nahi liya hai,29,35,exact,True,abhi tak kuch action nahi liya hai,Matched via exact strategy
429,aspect,moharram,32,32,exact,True,moharram,Matched via exact strategy
429,opinion,has been celebrated by yazeed and his followers we shia mourn the martyrdom of imam husain from 1st moharram,33,51,exact,True,has been celebrated by yazeed and his followers we shia mourn the martyrdom of imam husain from 1st moharram,Matched via exact strategy
430,aspect,scene,-1,-1,unmatched,False,,Matched via unmatched strategy
430,opinion,the way she so comfortably leans over him wo aaram se apne bande pe gadi thi,18,33,exact,True,the way she so comfortably leans over him wo aaram se apne bande pe gadi thi,Matched via exact strategy
431,aspect,acting,3,3,exact,True,acting,Matched via exact strategy
431,opinion,ache se acting mat karvaana,1,5,exact,True,ache se acting mat karvaana,Matched via exact strategy
431,aspect,kapde,7,7,exact,True,kapde,Matched via exact strategy
431,opinion,ache kapde nahi dena,6,9,exact,True,ache kapde nahi dena,Matched via exact strategy
431,aspect,makeup,11,11,exact,True,makeup,Matched via exact strategy
431,opinion,ache makeup nahi dena,10,13,exact,True,ache makeup nahi dena,Matched via exact strategy
431,aspect,dialogues,15,15,exact,True,dialogues,Matched via exact strategy
431,opinion,ache dialogues nahi dena,14,17,exact,True,ache dialogues nahi dena,Matched via exact strategy
431,aspect,story,19,19,exact,True,story,Matched via exact strategy
431,opinion,ache story bhi nahi dena,18,22,exact,True,ache story bhi nahi dena,Matched via exact strategy
431,aspect,promo,24,24,exact,True,promo,Matched via exact strategy
431,opinion,promo apne paas hi rakhiye,29,33,exact,True,promo apne paas hi rakhiye,Matched via exact strategy
432,aspect,neta,15,15,exact,True,neta,Matched via exact strategy
432,opinion,theek se pad lete toh jaan jaate kaise karna hain,10,21,approximate,False,theek se pad lete humare neta toh jaan jaate kaise karna hain,Matched via approximate strategy
432,aspect,finance minister,44,45,exact,True,finance minister,Matched via exact strategy
432,opinion,kam se kam apne finance minister ko padhate,40,47,exact,True,kam se kam apne finance minister ko padhate,Matched via exact strategy
433,aspect,english,6,6,exact,True,english,Matched via exact strategy
433,opinion,nahi aati english toh mat bola karo,4,10,exact,True,nahi aati english toh mat bola karo,Matched via exact strategy
434,aspect,students,7,7,exact,True,students,Matched via exact strategy
434,opinion,hum students ko support krein,6,10,exact,True,hum students ko support krein,Matched via exact strategy
435,aspect,bhashan,-1,-1,unmatched,False,,Matched via unmatched strategy
435,opinion,suna nahi apne papa ka lecture,16,21,exact,True,suna nahi apne papa ka lecture,Matched via exact strategy
436,aspect,equality,15,15,exact,True,equality,Matched via exact strategy
436,opinion,khi itni equality dikhai nhi deti,13,18,exact,True,khi itni equality dikhai nhi deti,Matched via exact strategy
436,aspect,modibhakti,35,35,exact,True,modibhakti,Matched via exact strategy
436,opinion,modibhakti k alava bhi bahut si cheeje hain,35,42,exact,True,modibhakti k alava bhi bahut si cheeje hain,Matched via exact strategy
437,aspect,seerat,5,5,exact,True,seerat,Matched via exact strategy
437,opinion,apne seerat se majboor hoon,4,8,exact,True,apne seerat se majboor hoon,Matched via exact strategy
438,aspect,logic,3,3,exact,True,logic,Matched via exact strategy
438,opinion,chu logic apne pass rak,2,6,exact,True,chu logic apne pass rak,Matched via exact strategy
439,aspect,mail,17,17,exact,True,mail,Matched via exact strategy
439,opinion,1 year much time no update even we all are demotivated patience ki bhi hadd he,33,48,exact,True,1 year much time no update even we all are demotivated patience ki bhi hadd he,Matched via exact strategy
440,aspect,mulk,3,3,exact,True,mulk,Matched via exact strategy
440,opinion,certified bhikari hai jo bina aid k apne logo ko khana bhi nahi khila sakta,4,18,exact,True,certified bhikari hai jo bina aid k apne logo ko khana bhi nahi khila sakta,Matched via exact strategy
440,aspect,imran,20,20,exact,True,imran,Matched via exact strategy
440,opinion,dono ka ek hi kaam hai kiski jeb saaf karna hai,23,33,exact,True,dono ka ek hi kaam hai kiski jeb saaf karna hai,Matched via exact strategy
440,aspect,bajwa,22,22,exact,True,bajwa,Matched via exact strategy
440,opinion,dono ka ek hi kaam hai kiski jeb saaf karna hai,23,33,exact,True,dono ka ek hi kaam hai kiski jeb saaf karna hai,Matched via exact strategy
441,aspect,rasto,10,10,exact,True,rasto,Matched via exact strategy
441,opinion,ye haal dekh kar umeed karta hu aap kuch karenge taki log aaram se gujar sake raasto se aisa haal mene kabhi kahi nahi dekha,12,36,exact,True,ye haal dekh kar umeed karta hu aap kuch karenge taki log aaram se gujar sake raasto se aisa haal mene kabhi kahi nahi dekha,Matched via exact strategy
442,aspect,insaan,39,39,exact,True,insaan,Matched via exact strategy
442,opinion,ghatiya aadmi hai,42,44,exact,True,ghatiya aadmi hai,Matched via exact strategy
443,aspect,police,2,2,exact,True,police,Matched via exact strategy
443,opinion,police aur forces ka kaam h aap apne baccho ko bhej sakte ho,2,14,exact,True,police aur forces ka kaam h aap apne baccho ko bhej sakte ho,Matched via exact strategy
443,aspect,forces,4,4,exact,True,forces,Matched via exact strategy
443,opinion,police aur forces ka kaam h aap apne baccho ko bhej sakte ho,2,14,exact,True,police aur forces ka kaam h aap apne baccho ko bhej sakte ho,Matched via exact strategy
444,aspect,joote,25,25,exact,True,joote,Matched via exact strategy
444,opinion,sandal banane ke liye mochi already hai,7,13,exact,True,sandal banane ke liye mochi already hai,Matched via exact strategy
445,aspect,show,7,7,exact,True,show,Matched via exact strategy
445,opinion,kuchh to karna hi hoga hum apne show ko ese nahi jane denge we want ipzn2,0,15,exact,True,kuchh to karna hi hoga hum apne show ko ese nahi jane denge we want ipzn2,Matched via exact strategy
446,aspect,speed,28,28,exact,True,speed,Matched via exact strategy
446,opinion,slow hai masla nh hai,29,33,exact,True,slow hai masla nh hai,Matched via exact strategy
446,aspect,mehnat,34,34,exact,True,mehnat,Matched via exact strategy
446,opinion,dono side se horai bss apne goal pe focus rakho,35,44,exact,True,dono side se horai bss apne goal pe focus rakho,Matched via exact strategy
447,aspect,episode,4,4,exact,True,episode,Matched via exact strategy
447,opinion,sahi tweet kiya h,12,15,exact,True,sahi tweet kiya h,Matched via exact strategy
447,aspect,behavior,-1,-1,unmatched,False,,Matched via unmatched strategy
447,opinion,aise behave kar rha tha jaise wo hollywood superstar ho,17,26,exact,True,aise behave kar rha tha jaise wo hollywood superstar ho,Matched via exact strategy
448,aspect,player,7,7,exact,True,player,Matched via exact strategy
448,opinion,starting se hi apne player hor unki practice pr dhiyan de to hm hor b jayda gold la skte h,3,22,exact,True,starting se hi apne player hor unki practice pr dhiyan de to hm hor b jayda gold la skte h,Matched via exact strategy
449,aspect,sp,0,0,exact,True,sp,Matched via exact strategy
449,opinion,don thk hai koi mulla hai jo apne bahan ki shaadi mujhse karana chahta hai,1,15,exact,True,don thk hai koi mulla hai jo apne bahan ki shaadi mujhse karana chahta hai,Matched via exact strategy
450,aspect,modi,3,3,exact,True,modi,Matched via exact strategy
450,opinion,apne ghar waalo ko bacha ke rkhna inke chew tad naa faad de,5,17,exact,True,apne ghar waalo ko bacha ke rkhna inke chew tad naa faad de,Matched via exact strategy
451,aspect,role,21,21,exact,True,role,Matched via exact strategy
451,opinion,bhalu wala video ka role karne ka mauka dedo,17,25,exact,True,bhalu wala video ka role karne ka mauka dedo,Matched via exact strategy
452,aspect,biryanii,0,0,exact,True,biryanii,Matched via exact strategy
452,opinion,but aside they also need someone to be there alwaaays for them,1,12,exact,True,but aside they also need someone to be there alwaaays for them,Matched via exact strategy
453,aspect,chehra,7,7,exact,True,chehra,Matched via exact strategy
453,opinion,koi or acha chehra laiye bor hogye hain,4,11,exact,True,koi or acha chehra laiye bor hogye hain,Matched via exact strategy
453,aspect,vikrant gupta,12,13,exact,True,vikrant gupta,Matched via exact strategy
453,opinion,bahut bor krta hai ab to indiansports bhi badlega please vikrant gupta ko off camera kr do ye ab faltu bakswas jyada krta hai,15,38,exact,True,bahut bor krta hai ab to indiansports bhi badlega please vikrant gupta ko off camera kr do ye ab faltu bakswas jyada krta hai,Matched via exact strategy
454,aspect,tag,5,5,exact,True,tag,Matched via exact strategy
454,opinion,sahi use karo pata nahi kaunsa apne man se spelling ghusa de rahe,7,19,exact,True,sahi use karo pata nahi kaunsa apne man se spelling ghusa de rahe,Matched via exact strategy
455,aspect,mondaythoughts,0,0,exact,True,mondaythoughts,Matched via exact strategy
455,opinion,apne lye hi sab karte h koi dusro ke lye nhi karta,1,12,exact,True,apne lye hi sab karte h koi dusro ke lye nhi karta,Matched via exact strategy
455,aspect,mondaymotivation,13,13,exact,True,mondaymotivation,Matched via exact strategy
455,opinion,dusro ke lye karke dekho kabhi bohat acha lagega,15,23,exact,True,dusro ke lye karke dekho kabhi bohat acha lagega,Matched via exact strategy
456,aspect,job,3,3,exact,True,job,Matched via exact strategy
456,opinion,private job krta hu bt income itna hi ho pata hai jis se ghar chal sake,2,17,exact,True,private job krta hu bt income itna hi ho pata hai jis se ghar chal sake,Matched via exact strategy
456,aspect,income,7,7,exact,True,income,Matched via exact strategy
456,opinion,itna hi ho pata hai jis se ghar chal sake,8,17,exact,True,itna hi ho pata hai jis se ghar chal sake,Matched via exact strategy
456,aspect,paisaf,-1,-1,unmatched,False,,Matched via unmatched strategy
456,opinion,or jyada paisa kamana chahta hu taki apne sapno ko hakikat me badal saku,20,33,exact,True,or jyada paisa kamana chahta hu taki apne sapno ko hakikat me badal saku,Matched via exact strategy
456,aspect,sapno,28,28,exact,True,sapno,Matched via exact strategy
456,opinion,sapno ko hakikat me badal saku apne desh ke liye olympic me gold medal jit saku,28,43,exact,True,sapno ko hakikat me badal saku apne desh ke liye olympic me gold medal jit saku,Matched via exact strategy
457,aspect,mughalon,9,9,exact,True,mughalon,Matched via exact strategy
457,opinion,etana achha kuchh aata to apne desh mein banakar khada karte,11,21,exact,True,etana achha kuchh aata to apne desh mein banakar khada karte,Matched via exact strategy
457,aspect,etihasik dhokha,26,27,exact,True,etihasik dhokha,Matched via exact strategy
457,opinion,hamaare saath etihasik dhokha hai,24,28,exact,True,hamaare saath etihasik dhokha hai,Matched via exact strategy
457,aspect,mandir,32,32,exact,True,mandir,Matched via exact strategy
457,opinion,desh ke adbhut mandir jinka koi kisi ko pata nahi hone diya,29,40,exact,True,desh ke adbhut mandir jinka koi kisi ko pata nahi hone diya,Matched via exact strategy
457,aspect,hindostan,45,45,exact,True,hindostan,Matched via exact strategy
457,opinion,saare jahan se achha hindostan hamara,41,46,exact,True,saare jahan se achha hindostan hamara,Matched via exact strategy
458,aspect,ladkiyan,3,3,exact,True,ladkiyan,Matched via exact strategy
458,opinion,apne har bday par ek saal or choti ho jati,4,13,exact,True,apne har bday par ek saal or choti ho jati,Matched via exact strategy
459,aspect,tweet,3,3,exact,True,tweet,Matched via exact strategy
459,opinion,delete q kr diya,5,8,exact,True,delete q kr diya,Matched via exact strategy
459,aspect,waiting list,10,11,exact,True,waiting list,Matched via exact strategy
459,opinion,hm logo ka fayda hoga,15,19,exact,True,hm logo ka fayda hoga,Matched via exact strategy
460,aspect,light,12,12,exact,True,light,Matched via exact strategy
460,opinion,kal night se light nahi aa rahi hai,9,16,exact,True,kal night se light nahi aa rahi hai,Matched via exact strategy
461,aspect,wrx coin,2,3,exact,True,wrx coin,Matched via exact strategy
461,opinion,memo token jesa kyu chal raha re achanak 400 ke upar or abhi 91 ke upar ja hi sab coin pump ho rahe he wrx 80 90 holding ke chakkar me fas gaya,4,36,exact,True,memo token jesa kyu chal raha re achanak 400 ke upar or abhi 91 ke upar ja hi sab coin pump ho rahe he wrx 80 90 holding ke chakkar me fas gaya,Matched via exact strategy
461,aspect,vol,39,39,exact,True,vol,Matched via exact strategy
461,opinion,parso vol 62l the aajto 25l ke niche aaye,38,46,exact,True,parso vol 62l the aajto 25l ke niche aaye,Matched via exact strategy
462,aspect,majak,0,0,exact,True,majak,Matched via exact strategy
462,opinion,desh ke samman se to bilkul nhi,24,30,exact,True,desh ke samman se to bilkul nhi,Matched via exact strategy
463,aspect,numbering,3,3,exact,True,numbering,Matched via exact strategy
463,opinion,best,2,2,exact,True,best,Matched via exact strategy
463,aspect,qismat,5,5,exact,True,qismat,Matched via exact strategy
463,opinion,seeda nikah likha hai,7,10,exact,True,seeda nikah likha hai,Matched via exact strategy
464,aspect,tweets,4,4,exact,True,tweets,Matched via exact strategy
464,opinion,apne kuch kuch tweets mai starplus aur deeya ko tag karte aoo,1,12,exact,True,apne kuch kuch tweets mai starplus aur deeya ko tag karte aoo,Matched via exact strategy
464,aspect,kahaani,-1,-1,unmatched,False,,Matched via unmatched strategy
464,opinion,shauryaauranokhikikahani,14,14,exact,True,shauryaauranokhikikahani,Matched via exact strategy
465,aspect,ger,3,3,exact,True,ger,Matched via exact strategy
465,opinion,lagae hoay hain g purple yellow n white,5,12,exact,True,lagae hoay hain g purple yellow n white,Matched via exact strategy
466,aspect,english,3,3,exact,True,english,Matched via exact strategy
466,opinion,paisa tum duba diya yaar,45,49,exact,True,paisa tum duba diya yaar,Matched via exact strategy
466,aspect,modi,14,14,exact,True,modi,Matched via exact strategy
466,opinion,dudh ka dhula nhi h double stranded person h,51,59,exact,True,dudh ka dhula nhi h double stranded person h,Matched via exact strategy
467,aspect,desh,5,5,exact,True,desh,Matched via exact strategy
467,opinion,jab aap apne desh ki raksha krte hai to dharm ki raksha apne aap ho jaati hai,2,18,exact,True,jab aap apne desh ki raksha krte hai to dharm ki raksha apne aap ho jaati hai,Matched via exact strategy
467,aspect,dharm,11,11,exact,True,dharm,Matched via exact strategy
467,opinion,jab aap apne dharm ki raksha krte hai to desh ki raksha apne aap ho jaati hai,21,37,exact,True,jab aap apne dharm ki raksha krte hai to desh ki raksha apne aap ho jaati hai,Matched via exact strategy
468,aspect,service,-1,-1,unmatched,False,,Matched via unmatched strategy
468,opinion,or kitni cancel hoti hai or uske baad tm log phn ni rec krte,6,19,exact,True,or kitni cancel hoti hai or uske baad tm log phn ni rec krte,Matched via exact strategy
469,aspect,news,0,0,exact,True,news,Matched via exact strategy
469,opinion,lagtaa h apne prada ke kapde aur joote bech diye,1,10,exact,True,lagtaa h apne prada ke kapde aur joote bech diye,Matched via exact strategy
470,aspect,description,15,15,exact,True,description,Matched via exact strategy
470,opinion,sare shows ki description change kya ha n ye sare description change hotstar ne sare shows ki current track ko dhyan me rakhke kya ha means permanent nehi ha,12,40,exact,True,sare shows ki description change kya ha n ye sare description change hotstar ne sare shows ki current track ko dhyan me rakhke kya ha means permanent nehi ha,Matched via exact strategy
471,aspect,negativity,11,11,exact,True,negativity,Matched via exact strategy
471,opinion,apne aap ko positive kehke har jagah negativity phailaake kuch fayda hai,4,15,exact,True,apne aap ko positive kehke har jagah negativity phailaake kuch fayda hai,Matched via exact strategy
472,aspect,07,0,0,exact,True,07,Matched via exact strategy
472,opinion,dunder le le apne where the sun doesn t shine,1,10,exact,True,dunder le le apne where the sun doesn t shine,Matched via exact strategy
473,aspect,ladhki,1,1,exact,True,ladhki,Matched via exact strategy
473,opinion,ek paisa sympathy nahi hai,4,8,exact,True,ek paisa sympathy nahi hai,Matched via exact strategy
473,aspect,waseem,41,41,exact,True,waseem,Matched via exact strategy
473,opinion,vahi kia jo karne ko vo bana,49,55,exact,True,vahi kia jo karne ko vo bana,Matched via exact strategy
474,aspect,brahman,3,3,exact,True,brahman,Matched via exact strategy
474,opinion,bhai mai bhi brahman ghar mein paida hua hu batao malai kahan bant rahi hai,0,14,exact,True,bhai mai bhi brahman ghar mein paida hua hu batao malai kahan bant rahi hai,Matched via exact strategy
475,aspect,mesag,5,5,exact,True,mesag,Matched via exact strategy
475,opinion,jiwab nahe aya,16,18,exact,True,jiwab nahe aya,Matched via exact strategy
475,aspect,jiwab,16,16,exact,True,jiwab,Matched via exact strategy
475,opinion,nahe aya,17,18,exact,True,nahe aya,Matched via exact strategy
476,aspect,bhaijan,4,4,exact,True,bhaijan,Matched via exact strategy
476,opinion,more power to u bhaijan allah apne hifazat me rakhe apko ameen,0,11,exact,True,more power to u bhaijan allah apne hifazat me rakhe apko ameen,Matched via exact strategy
477,aspect,bhiyah,-1,-1,unmatched,False,,Matched via unmatched strategy
477,opinion,apne fayde k liye khub apni behn beti ko mia bhai s biyah krwaya h tohni to sbko jija bnya h bhikari bc,0,22,exact,True,apne fayde k liye khub apni behn beti ko mia bhai s biyah krwaya h tohni to sbko jija bnya h bhikari bc,Matched via exact strategy
478,aspect,chikkita,4,4,exact,True,chikkita,Matched via exact strategy
478,opinion,hagg tu rhi h chikkita such a looser u r,0,9,exact,True,hagg tu rhi h chikkita such a looser u r,Matched via exact strategy
479,aspect,cbse,15,15,exact,True,cbse,Matched via exact strategy
479,opinion,best lagta hai,17,19,exact,True,best lagta hai,Matched via exact strategy
479,aspect,up board,22,23,exact,True,up board,Matched via exact strategy
479,opinion,nahi dekha hai isiliye cbse ko bekar bata rhi hai state board ki halat bahut khasta hai,25,39,approximate,False,dekha hai isiliye cbse ko bekar bata rhi hai state board ki halat bahut khasta,Matched via approximate strategy
480,aspect,guide,1,1,exact,True,guide,Matched via exact strategy
480,opinion,tab kiya ja sakta hai jab koi guidance ko follow karna chahe,2,13,exact,True,tab kiya ja sakta hai jab koi guidance ko follow karna chahe,Matched via exact strategy
480,aspect,log,18,18,exact,True,log,Matched via exact strategy
480,opinion,apne aap ko pm samajhte hai aur am not the leader tagline leke ghumte hai aise log bas apni marji ke maafik kaam kartein hai kisiko sunne ki jarurat nahi samajhte,22,52,exact,True,apne aap ko pm samajhte hai aur am not the leader tagline leke ghumte hai aise log bas apni marji ke maafik kaam kartein hai kisiko sunne ki jarurat nahi samajhte,Matched via exact strategy
481,aspect,kaam,25,25,exact,True,kaam,Matched via exact strategy
481,opinion,tukde tukde gang wala kaam chhod do,21,27,exact,True,tukde tukde gang wala kaam chhod do,Matched via exact strategy
482,aspect,followers,20,20,exact,True,followers,Matched via exact strategy
482,opinion,muze pls follow me walo par bada gussa aata hai,11,19,approximate,False,pls follow me walo par bada gussa aata hai,Matched via approximate strategy
483,aspect,log,7,7,exact,True,log,Matched via exact strategy
483,opinion,desh mein jahar bechane waale ye chand log hain enko apne aap sudhar karne ki jaroorat hai,0,16,exact,True,desh mein jahar bechane waale ye chand log hain enko apne aap sudhar karne ki jaroorat hai,Matched via exact strategy
484,aspect,superstar,6,6,exact,True,superstar,Matched via exact strategy
484,opinion,cute superstar ko 300k krke dena hain,5,11,exact,True,cute superstar ko 300k krke dena hain,Matched via exact strategy
485,aspect,dps,6,6,exact,True,dps,Matched via exact strategy
485,opinion,green green edit,3,5,exact,True,green green edit,Matched via exact strategy
486,aspect,tu,4,4,exact,True,tu,Matched via exact strategy
486,opinion,besharmi ka best example tu hi hai,0,6,exact,True,besharmi ka best example tu hi hai,Matched via exact strategy
486,aspect,tumlog,8,8,exact,True,tumlog,Matched via exact strategy
486,opinion,likes ke liye apne maa baap tak ko bech doge,9,18,exact,True,likes ke liye apne maa baap tak ko bech doge,Matched via exact strategy
487,aspect,ilaaj,13,13,exact,True,ilaaj,Matched via exact strategy
487,opinion,sba kuch ata hai siwaye apne pagal beta ke ilaaj ke,4,14,exact,True,sba kuch ata hai siwaye apne pagal beta ke ilaaj ke,Matched via exact strategy
487,aspect,beta,11,11,exact,True,beta,Matched via exact strategy
487,opinion,pagal beta ke,10,12,exact,True,pagal beta ke,Matched via exact strategy
488,aspect,vaccine,15,15,exact,True,vaccine,Matched via exact strategy
488,opinion,free lg rhi h privt company ko raw materials tm apne ghr se dete ho,16,30,exact,True,free lg rhi h privt company ko raw materials tm apne ghr se dete ho,Matched via exact strategy
488,aspect,tax,44,44,exact,True,tax,Matched via exact strategy
488,opinion,kbhi bhrr ho,47,49,exact,True,kbhi bhrr ho,Matched via exact strategy
489,aspect,patna,6,6,exact,True,patna,Matched via exact strategy
489,opinion,tere teeno shahar ko apne andar shama lega,9,16,exact,True,tere teeno shahar ko apne andar shama lega,Matched via exact strategy
490,aspect,rakibul sule,0,1,exact,True,rakibul sule,Matched via exact strategy
490,opinion,kya hai na ajne apne baap ki aulad hai ya fir kisi gutter ka namuna,3,17,exact,True,kya hai na ajne apne baap ki aulad hai ya fir kisi gutter ka namuna,Matched via exact strategy
491,aspect,jasminbhasin,0,0,exact,True,jasminbhasin,Matched via exact strategy
491,opinion,negativity amp jealousy ki dukan h,9,14,exact,True,negativity amp jealousy ki dukan h,Matched via exact strategy
491,aspect,nikkitamboli,27,27,exact,True,nikkitamboli,Matched via exact strategy
491,opinion,young h but kafi mature h hamesa nikkians ko positivity sikhati h is best,29,42,exact,True,young h but kafi mature h hamesa nikkians ko positivity sikhati h is best,Matched via exact strategy
492,aspect,st sc,0,1,exact,True,st sc,Matched via exact strategy
492,opinion,apne ghr me kuch bhi kre mujhe koi issue nhi h,2,12,exact,True,apne ghr me kuch bhi kre mujhe koi issue nhi h,Matched via exact strategy
493,aspect,friends,3,3,exact,True,friends,Matched via exact strategy
493,opinion,making friends is a big task main toh sidha crush ko ask out karta hoon apne aap hi friends bante hai,2,22,exact,True,making friends is a big task main toh sidha crush ko ask out karta hoon apne aap hi friends bante hai,Matched via exact strategy
494,aspect,jhnda,8,8,normalized,True,to,Matched via normalized strategy
494,opinion,apne azadi chatar hjhnda to chat per kia kheto ne bhi gad sakta h,4,17,exact,True,apne azadi chatar hjhnda to chat per kia kheto ne bhi gad sakta h,Matched via exact strategy
495,aspect,energy,25,25,exact,True,energy,Matched via exact strategy
495,opinion,waste karke,26,27,exact,True,waste karke,Matched via exact strategy
496,aspect,kshtriye,0,0,exact,True,kshtriye,Matched via exact strategy
496,opinion,sirf brahmano baniyo ki ghulami karne ke liye... dogle bas apne pet bharte hai or paisa banate hai,1,9,approximate,False,hai sirf brahmano baniyo ki ghulami karne ke liye,Matched via approximate strategy
496,aspect,dalit,11,11,exact,True,dalit,Matched via exact strategy
496,opinion,apne samaj ki awaaz uthata hai,14,19,exact,True,apne samaj ki awaaz uthata hai,Matched via exact strategy
496,aspect,brahman,12,12,exact,True,brahman,Matched via exact strategy
496,opinion,apne samaj ki awaaz uthata hai,14,19,exact,True,apne samaj ki awaaz uthata hai,Matched via exact strategy
497,aspect,ye sb log,0,2,exact,True,ye sb log,Matched via exact strategy
497,opinion,apne ghr pr ye kaam krte h,3,9,exact,True,apne ghr pr ye kaam krte h,Matched via exact strategy
498,aspect,jammuandkashmir,0,0,exact,True,jammuandkashmir,Matched via exact strategy
498,opinion,badi tilmilati aavaz me bolte he zara bagal me b jank liya karo,4,16,exact,True,badi tilmilati aavaz me bolte he zara bagal me b jank liya karo,Matched via exact strategy
499,aspect,kahaani,-1,-1,unmatched,False,,Matched via unmatched strategy
499,opinion,shauryaauranokhikikahani,43,43,exact,True,shauryaauranokhikikahani,Matched via exact strategy
500,aspect,dukh,9,9,exact,True,dukh,Matched via exact strategy
500,opinion,allah se se bato woh dil halka nanoseconds s3 bhi jldi krta hai,13,25,exact,True,allah se se bato woh dil halka nanoseconds s3 bhi jldi krta hai,Matched via exact strategy
501,aspect,bistar,5,5,exact,True,bistar,Matched via exact strategy
501,opinion,or kh skte h apne bistar or hi h,0,8,exact,True,or kh skte h apne bistar or hi h,Matched via exact strategy
502,aspect,fans,6,6,exact,True,fans,Matched via exact strategy
502,opinion,jealous devta k jealous fans bilkul apne idol ki tarah inko dusro ki tareefon mei khud ki burayi dikhti hai,2,21,exact,True,jealous devta k jealous fans bilkul apne idol ki tarah inko dusro ki tareefon mei khud ki burayi dikhti hai,Matched via exact strategy
503,aspect,live,8,8,exact,True,live,Matched via exact strategy
503,opinion,dude ke saath live aaye apne account pe,5,12,exact,True,dude ke saath live aaye apne account pe,Matched via exact strategy
504,aspect,talent,1,1,exact,True,talent,Matched via exact strategy
504,opinion,aek jaisa nahi hai,2,5,exact,True,aek jaisa nahi hai,Matched via exact strategy
504,aspect,raste,10,10,exact,True,raste,Matched via exact strategy
504,opinion,apne banaye raste pe chalenge to definitely aek din kamyaab banenge,8,18,exact,True,apne banaye raste pe chalenge to definitely aek din kamyaab banenge,Matched via exact strategy
505,aspect,bjp,2,2,exact,True,bjp,Matched via exact strategy
505,opinion,ye bol rahi hai ki oxygen se koi mara hi nahi unko kya pat bo apne ghar mai bethe the jo mare hi unse pucho,4,28,exact,True,ye bol rahi hai ki oxygen se koi mara hi nahi unko kya pat bo apne ghar mai bethe the jo mare hi unse pucho,Matched via exact strategy
506,aspect,self righteousness,37,38,exact,True,self righteousness,Matched via exact strategy
506,opinion,itna indulged hotay hain k phir in ko hur bunda hi ghulat lugta apne siwa,43,57,exact,True,itna indulged hotay hain k phir in ko hur bunda hi ghulat lugta apne siwa,Matched via exact strategy
507,aspect,result,9,9,exact,True,result,Matched via exact strategy
507,opinion,21 saal ka result 0,6,10,exact,True,21 saal ka result 0,Matched via exact strategy
507,aspect,bhai,12,12,exact,True,bhai,Matched via exact strategy
507,opinion,bhai ko ladai chaheay,12,15,exact,True,bhai ko ladai chaheay,Matched via exact strategy
508,aspect,zubaan,15,15,exact,True,zubaan,Matched via exact strategy
508,opinion,kaanan aur suno saara gyan wo bhi monica ki zubaan,7,15,approximate,False,aur suno saara gyan wo bhi monica ki zubaan,Matched via approximate strategy
508,aspect,confidence,17,17,exact,True,confidence,Matched via exact strategy
508,opinion,confidence ho gaya sunsaan,17,20,exact,True,confidence ho gaya sunsaan,Matched via exact strategy
509,aspect,financial support,6,7,exact,True,financial support,Matched via exact strategy
509,opinion,hokomat से apne leye ... ka motaleba kare,2,10,approximate,False,hokomat se apne leye financial support ka motaleba kare,Matched via approximate strategy
510,aspect,modi ji,0,1,exact,True,modi ji,Matched via exact strategy
510,opinion,janata ko kya samajh rakha hai janata ko apne nahin hai,4,14,exact,True,janata ko kya samajh rakha hai janata ko apne nahin hai,Matched via exact strategy
510,aspect,yogi ji,2,3,exact,True,yogi ji,Matched via exact strategy
510,opinion,janata ko kya samajh rakha hai janata ko apne nahin hai,4,14,exact,True,janata ko kya samajh rakha hai janata ko apne nahin hai,Matched via exact strategy
511,aspect,rohit,8,8,exact,True,rohit,Matched via exact strategy
511,opinion,rohit ke fan hoge isliye negtv baat kar rhe ho,8,17,exact,True,rohit ke fan hoge isliye negtv baat kar rhe ho,Matched via exact strategy
511,aspect,virat,26,26,exact,True,virat,Matched via exact strategy
511,opinion,mere liye virat rohit sekhar kl bhubi jasprit sab ek saman hai,24,35,exact,True,mere liye virat rohit sekhar kl bhubi jasprit sab ek saman hai,Matched via exact strategy
512,aspect,kahaani,-1,-1,unmatched,False,,Matched via unmatched strategy
512,opinion,ek baar apne 1m wala target poora hojaye,20,27,exact,True,ek baar apne 1m wala target poora hojaye,Matched via exact strategy
513,aspect,mulk,2,2,exact,True,mulk,Matched via exact strategy
513,opinion,apne mulk ko pahle dakho baki bad me sochna,1,9,exact,True,apne mulk ko pahle dakho baki bad me sochna,Matched via exact strategy
513,aspect,roti,12,12,exact,True,roti,Matched via exact strategy
513,opinion,khane ko roti nahi,10,13,exact,True,khane ko roti nahi,Matched via exact strategy
513,aspect,kasmir,15,15,exact,True,kasmir,Matched via exact strategy
513,opinion,nikla kasmir lane,14,16,exact,True,nikla kasmir lane,Matched via exact strategy
514,aspect,dog,4,4,exact,True,dog,Matched via exact strategy
514,opinion,you are a dog,1,4,exact,True,you are a dog,Matched via exact strategy
515,aspect,episode,-1,-1,unmatched,False,,Matched via unmatched strategy
515,opinion,aj k epsiode me ek bt achi lagi,28,35,exact,True,aj k epsiode me ek bt achi lagi,Matched via exact strategy
516,aspect,reporter,9,9,exact,True,reporter,Matched via exact strategy
516,opinion,apne photo daalne se matlab hai reporter ho ya selfi master,3,13,exact,True,apne photo daalne se matlab hai reporter ho ya selfi master,Matched via exact strategy
517,aspect,authority,5,5,exact,True,authority,Matched via exact strategy
517,opinion,acha timepass horaha hai,8,11,exact,True,acha timepass horaha hai,Matched via exact strategy
518,aspect,player,9,9,exact,True,player,Matched via exact strategy
518,opinion,muh pe gaali di,11,14,exact,True,muh pe gaali di,Matched via exact strategy
519,aspect,politics,21,21,exact,True,politics,Matched via exact strategy
519,opinion,teri politics ke chakkar mein gen0cide aur r ho rahe hain,20,30,exact,True,teri politics ke chakkar mein gen0cide aur r ho rahe hain,Matched via exact strategy
520,aspect,research,1,1,exact,True,research,Matched via exact strategy
520,opinion,pehle research kro,0,2,exact,True,pehle research kro,Matched via exact strategy
520,aspect,opinions,17,17,exact,True,opinions,Matched via exact strategy
520,opinion,news channel dekh ke apne opinions mat banao,12,19,exact,True,news channel dekh ke apne opinions mat banao,Matched via exact strategy
521,aspect,post,5,5,exact,True,post,Matched via exact strategy
521,opinion,miss qk apne post ko like commnt nai kra,2,10,exact,True,miss qk apne post ko like commnt nai kra,Matched via exact strategy
522,aspect,help,3,3,exact,True,help,Matched via exact strategy
522,opinion,please help me mai aap ko bahut dino se sms kar raha hu par shayad aap ne dekha he nahi,2,21,exact,True,please help me mai aap ko bahut dino se sms kar raha hu par shayad aap ne dekha he nahi,Matched via exact strategy
522,aspect,career,44,44,exact,True,career,Matched via exact strategy
522,opinion,aap ke ek chote se help se mera career start ho gaye ga,36,48,exact,True,aap ke ek chote se help se mera career start ho gaye ga,Matched via exact strategy
523,aspect,party,22,22,exact,True,party,Matched via exact strategy
523,opinion,apne party ka aj hal dekh lo,21,27,exact,True,apne party ka aj hal dekh lo,Matched via exact strategy
524,aspect,imran khan,0,1,exact,True,imran khan,Matched via exact strategy
524,opinion,pml q ke hathoon yarghamaal he imran khan ku apne awar parayoon kee kam pehchan he,2,17,exact,True,pml q ke hathoon yarghamaal he imran khan ku apne awar parayoon kee kam pehchan he,Matched via exact strategy
525,aspect,logo,1,1,exact,True,logo,Matched via exact strategy
525,opinion,ekta b nhi h,3,6,exact,True,ekta b nhi h,Matched via exact strategy
526,aspect,defence,3,3,exact,True,defence,Matched via exact strategy
526,opinion,in defence of ashwani sir not this nonsense,2,9,exact,True,in defence of ashwani sir not this nonsense,Matched via exact strategy
526,aspect,rai ka pahaad,20,22,exact,True,rai ka pahaad,Matched via exact strategy
526,opinion,apne man se rai ka pahaad khada kar liya,17,25,exact,True,apne man se rai ka pahaad khada kar liya,Matched via exact strategy
527,aspect,line,2,2,exact,True,line,Matched via exact strategy
527,opinion,amazed that inspiration kisse lete ho apne ap se wow,3,12,exact,True,amazed that inspiration kisse lete ho apne ap se wow,Matched via exact strategy
528,aspect,movie,53,53,exact,True,movie,Matched via exact strategy
528,opinion,asi movie bnani pde,52,55,exact,True,asi movie bnani pde,Matched via exact strategy
529,aspect,season,2,2,exact,True,season,Matched via exact strategy
529,opinion,dhyaan do kahi pehle hi week me evict na ho jao,4,14,exact,True,dhyaan do kahi pehle hi week me evict na ho jao,Matched via exact strategy
530,aspect,videos,15,15,exact,True,videos,Matched via exact strategy
530,opinion,bhaisab views hi views honge,16,20,exact,True,bhaisab views hi views honge,Matched via exact strategy
531,aspect,fans,2,2,exact,True,fans,Matched via exact strategy
531,opinion,bhut hain sid ko pyaar dene ke liye,4,11,exact,True,bhut hain sid ko pyaar dene ke liye,Matched via exact strategy
531,aspect,nalle,14,14,exact,True,nalle,Matched via exact strategy
531,opinion,tension lo kahi twitter per aana band naa kar de,16,25,exact,True,tension lo kahi twitter per aana band naa kar de,Matched via exact strategy
532,aspect,beta,0,0,exact,True,beta,Matched via exact strategy
532,opinion,denied her entry,2,4,exact,True,denied her entry,Matched via exact strategy
533,aspect,perfomance sheet,15,16,exact,True,perfomance sheet,Matched via exact strategy
533,opinion,fake perfomance sheet pat,14,17,exact,True,fake perfomance sheet pat,Matched via exact strategy
534,aspect,dhuup,0,0,exact,True,dhuup,Matched via exact strategy
534,opinion,apne saath subah mein roshnii laati hui,3,9,exact,True,apne saath subah mein roshnii laati hui,Matched via exact strategy
534,aspect,haryali,10,10,exact,True,haryali,Matched via exact strategy
534,opinion,phuul pattiyaan khilte hain,11,14,exact,True,phuul pattiyaan khilte hain,Matched via exact strategy
534,aspect,phuulon,15,15,exact,True,phuulon,Matched via exact strategy
534,opinion,birds butterflies baithti hain,17,20,exact,True,birds butterflies baithti hain,Matched via exact strategy
534,aspect,titiliyaan,23,23,exact,True,titiliyaan,Matched via exact strategy
534,opinion,rang birangi fly karti rehti hain,20,26,approximate,False,hain rang birangi titiliyaan fly karti rehti,Matched via approximate strategy
534,aspect,dharti,30,30,exact,True,dharti,Matched via exact strategy
534,opinion,kitni pyaari banayi hain,31,34,exact,True,kitni pyaari banayi hain,Matched via exact strategy
534,aspect,nature,36,36,exact,True,nature,Matched via exact strategy
534,opinion,phuulon ko kitna pyaara,38,41,exact,True,phuulon ko kitna pyaara,Matched via exact strategy
535,aspect,image,5,5,exact,True,image,Matched via exact strategy
535,opinion,is tarh se apne image bana and politics me ana bht bdi baat h,1,14,exact,True,is tarh se apne image bana and politics me ana bht bdi baat h,Matched via exact strategy
535,aspect,politics,8,8,exact,True,politics,Matched via exact strategy
535,opinion,politics me ana bht bdi baat h being bahijan and a lady it s too difficult,8,23,exact,True,politics me ana bht bdi baat h being bahijan and a lady it s too difficult,Matched via exact strategy
535,aspect,society,30,30,exact,True,society,Matched via exact strategy
535,opinion,weak mentality society,28,30,exact,True,weak mentality society,Matched via exact strategy
536,aspect,khela,9,9,exact,True,khela,Matched via exact strategy
536,opinion,mast khela hochhe,8,10,exact,True,mast khela hochhe,Matched via exact strategy
537,aspect,india,9,9,exact,True,india,Matched via exact strategy
537,opinion,pakistan her field mein india se bahut peechhe hai,36,44,exact,True,pakistan her field mein india se bahut peechhe hai,Matched via exact strategy
538,aspect,phone,1,1,exact,True,phone,Matched via exact strategy
538,opinion,poora time haath mein rhega apne koi risk nahin lene ka,2,12,exact,True,poora time haath mein rhega apne koi risk nahin lene ka,Matched via exact strategy
538,aspect,live,17,17,exact,True,live,Matched via exact strategy
538,opinion,miss nahin krna hai ekdm bhi,18,23,exact,True,miss nahin krna hai ekdm bhi,Matched via exact strategy
539,aspect,narratives,12,12,exact,True,narratives,Matched via exact strategy
539,opinion,khud hi apne narratives banti ho,9,14,exact,True,khud hi apne narratives banti ho,Matched via exact strategy
539,aspect,scuba,29,29,exact,True,scuba,Matched via exact strategy
539,opinion,scuba karne ka aur underwater phobia nalle ko hai ya nhi,29,39,exact,True,scuba karne ka aur underwater phobia nalle ko hai ya nhi,Matched via exact strategy
540,aspect,nunu,4,4,exact,True,nunu,Matched via exact strategy
540,opinion,apne ma ke andar daal,6,10,exact,True,apne ma ke andar daal,Matched via exact strategy
541,aspect,views,5,5,exact,True,views,Matched via exact strategy
541,opinion,present mein rehkar apne views rakh pao na toh aya karo comments karne,1,13,exact,True,present mein rehkar apne views rakh pao na toh aya karo comments karne,Matched via exact strategy
541,aspect,comments,12,12,exact,True,comments,Matched via exact strategy
541,opinion,present mein rehkar apne views rakh pao na toh aya karo comments karne,1,13,exact,True,present mein rehkar apne views rakh pao na toh aya karo comments karne,Matched via exact strategy
541,aspect,justification,26,26,exact,True,justification,Matched via exact strategy
541,opinion,past ka rona toh hum khub sunte hain par wo justification nhi h aj jo injustice horha h,16,33,exact,True,past ka rona toh hum khub sunte hain par wo justification nhi h aj jo injustice horha h,Matched via exact strategy
542,aspect,maya,9,9,exact,True,maya,Matched via exact strategy
542,opinion,stop giving false hopes to the armys out there maya apne mayajaal me phasana band karo logo ko,0,17,exact,True,stop giving false hopes to the armys out there maya apne mayajaal me phasana band karo logo ko,Matched via exact strategy
542,aspect,fandom,28,28,exact,True,fandom,Matched via exact strategy
542,opinion,really appreciate the way u ask the fandom to respect bts keep up the good work,21,36,exact,True,really appreciate the way u ask the fandom to respect bts keep up the good work,Matched via exact strategy
543,aspect,dil,2,2,exact,True,dil,Matched via exact strategy
543,opinion,dil de raaz kol baithi aa oh chandre nu sab kuch das baithi aa,2,15,exact,True,dil de raaz kol baithi aa oh chandre nu sab kuch das baithi aa,Matched via exact strategy
544,aspect,kaam,14,14,exact,True,kaam,Matched via exact strategy
544,opinion,maine jo apne kaam se suna wahi likh raha hu,11,20,exact,True,maine jo apne kaam se suna wahi likh raha hu,Matched via exact strategy
544,aspect,address,56,56,exact,True,address,Matched via exact strategy
544,opinion,wo address de sakta hu,55,59,exact,True,wo address de sakta hu,Matched via exact strategy
545,aspect,baat,19,19,exact,True,baat,Matched via exact strategy
545,opinion,apni khud ki baat pe to tik lo bhai saab,16,25,exact,True,apni khud ki baat pe to tik lo bhai saab,Matched via exact strategy
546,aspect,muqadas,2,2,exact,True,muqadas,Matched via exact strategy
546,opinion,dil ki bat kahi hy apne,5,10,exact,True,dil ki bat kahi hy apne,Matched via exact strategy
547,aspect,aayash,9,9,exact,True,aayash,Matched via exact strategy
547,opinion,plz apne bihar ke patna ke rehne wale aayash ke liye kuch kijiye plz sir,1,15,exact,True,plz apne bihar ke patna ke rehne wale aayash ke liye kuch kijiye plz sir,Matched via exact strategy
548,aspect,corona,4,4,exact,True,corona,Matched via exact strategy
548,opinion,third wave aana chahiye aur bohot joro shoro se aana chahiye aise deen dekhne se pehle khus apne log mar jana chahiye,6,27,exact,True,third wave aana chahiye aur bohot joro shoro se aana chahiye aise deen dekhne se pehle khus apne log mar jana chahiye,Matched via exact strategy
549,aspect,festival,16,16,exact,True,festival,Matched via exact strategy
549,opinion,kharab kar diye gye h,18,22,exact,True,kharab kar diye gye h,Matched via exact strategy
549,aspect,holi,26,26,exact,True,holi,Matched via exact strategy
549,opinion,kharab kar diye gye h,18,22,exact,True,kharab kar diye gye h,Matched via exact strategy
549,aspect,navratri,28,28,exact,True,navratri,Matched via exact strategy
549,opinion,kharab kar diye gye h,18,22,exact,True,kharab kar diye gye h,Matched via exact strategy
550,aspect,sarkar,4,4,exact,True,sarkar,Matched via exact strategy
550,opinion,peeda hai sarkar se baat karo,2,7,exact,True,peeda hai sarkar se baat karo,Matched via exact strategy
550,aspect,naare,10,10,exact,True,naare,Matched via exact strategy
550,opinion,behude naare lagane ki kya zaroorat hai,9,15,exact,True,behude naare lagane ki kya zaroorat hai,Matched via exact strategy
551,aspect,government,46,46,exact,True,government,Matched via exact strategy
551,opinion,bina ghus diye kuchh nahi hoga agar apne nahi diya to intna ghumayega ki ap mjburan denge,8,24,exact,True,bina ghus diye kuchh nahi hoga agar apne nahi diya to intna ghumayega ki ap mjburan denge,Matched via exact strategy
551,aspect,cong,26,26,exact,True,cong,Matched via exact strategy
551,opinion,cong ke samay to 100 200 mai kam hota tha,26,35,exact,True,cong ke samay to 100 200 mai kam hota tha,Matched via exact strategy
551,aspect,aap,44,44,exact,True,aap,Matched via exact strategy
551,opinion,ab rs 5000 niche kuchh nahi ye hai aap ki government,36,46,exact,True,ab rs 5000 niche kuchh nahi ye hai aap ki government,Matched via exact strategy
552,aspect,medicine,3,3,exact,True,medicine,Matched via exact strategy
552,opinion,koe medicine nikal kr marllo apne ap ko,2,9,exact,True,koe medicine nikal kr marllo apne ap ko,Matched via exact strategy
553,aspect,life,39,39,exact,True,life,Matched via exact strategy
553,opinion,kabhi socha tha apne life ke 20 second aise bhi waste karoge,35,46,exact,True,kabhi socha tha apne life ke 20 second aise bhi waste karoge,Matched via exact strategy
554,aspect,bjp,0,0,exact,True,bjp,Matched via exact strategy
554,opinion,sab jagah fail huyi he hindu muslim ke alava aur koi chara nahi he apne failure ko chupane ke liye,1,20,exact,True,sab jagah fail huyi he hindu muslim ke alava aur koi chara nahi he apne failure ko chupane ke liye,Matched via exact strategy
554,aspect,media,30,30,exact,True,media,Matched via exact strategy
554,opinion,gaghra utha kar dance karegi,31,35,exact,True,gaghra utha kar dance karegi,Matched via exact strategy
555,aspect,baba,3,3,exact,True,baba,Matched via exact strategy
555,opinion,apne aagle career ki tayari mein joote hai,5,12,exact,True,apne aagle career ki tayari mein joote hai,Matched via exact strategy
555,aspect,career,7,7,exact,True,career,Matched via exact strategy
555,opinion,tayari mein joote hai na paris mein jo jaani hai isbar ek athlete ke taur pe,9,24,exact,True,tayari mein joote hai na paris mein jo jaani hai isbar ek athlete ke taur pe,Matched via exact strategy
556,aspect,forces,7,7,exact,True,forces,Matched via exact strategy
556,opinion,forces ko lao,7,9,exact,True,forces ko lao,Matched via exact strategy
556,aspect,constitution,12,12,exact,True,constitution,Matched via exact strategy
556,opinion,constitution main vishwas nahi,12,15,exact,True,constitution main vishwas nahi,Matched via exact strategy
556,aspect,children,34,34,exact,True,children,Matched via exact strategy
556,opinion,educate your children with books or hatered,32,38,exact,True,educate your children with books or hatered,Matched via exact strategy
557,aspect,game,23,23,exact,True,game,Matched via exact strategy
557,opinion,fazool se,21,22,exact,True,fazool se,Matched via exact strategy
558,aspect,zindagi,0,0,exact,True,zindagi,Matched via exact strategy
558,opinion,khul kar jiyo,26,28,exact,True,khul kar jiyo,Matched via exact strategy
558,aspect,sapno,31,31,exact,True,sapno,Matched via exact strategy
558,opinion,pura karo,33,34,exact,True,pura karo,Matched via exact strategy
559,aspect,btc,7,7,exact,True,btc,Matched via exact strategy
559,opinion,sab bech dijiye,12,14,exact,True,sab bech dijiye,Matched via exact strategy
560,aspect,muhabbat,10,10,exact,True,muhabbat,Matched via exact strategy
560,opinion,jis sey bhi tum allah sey ziyada muhabbat karo gy,3,12,exact,True,jis sey bhi tum allah sey ziyada muhabbat karo gy,Matched via exact strategy
560,aspect,maan,14,14,exact,True,maan,Matched via exact strategy
560,opinion,jispe maan hoga,13,15,exact,True,jispe maan hoga,Matched via exact strategy
561,aspect,housing scheme,2,3,exact,True,housing scheme,Matched via exact strategy
561,opinion,ab ap ban sakti hain apne ghar ki maalkan wo bhi nihayat km qeemat pr,5,19,exact,True,ab ap ban sakti hain apne ghar ki maalkan wo bhi nihayat km qeemat pr,Matched via exact strategy
562,aspect,filth,8,8,exact,True,filth,Matched via exact strategy
562,opinion,supporting this filth,6,8,exact,True,supporting this filth,Matched via exact strategy
562,aspect,rascal,10,10,exact,True,rascal,Matched via exact strategy
562,opinion,supporting this... rascal,6,7,approximate,False,supporting this,Matched via approximate strategy
562,aspect,gaddar,28,28,exact,True,gaddar,Matched via exact strategy
562,opinion,agar isko koi apne fd se support kiya toh samajh jao woh gaddar hai,16,29,exact,True,agar isko koi apne fd se support kiya toh samajh jao woh gaddar hai,Matched via exact strategy
563,aspect,khabar,4,4,exact,True,khabar,Matched via exact strategy
563,opinion,koi khabar nhi h,3,6,exact,True,koi khabar nhi h,Matched via exact strategy
564,aspect,abdul,2,2,exact,True,abdul,Matched via exact strategy
564,opinion,accha lgta hai,4,6,exact,True,accha lgta hai,Matched via exact strategy
564,aspect,hindu,7,7,exact,True,hindu,Matched via exact strategy
564,opinion,bhot bure hote hai,9,12,exact,True,bhot bure hote hai,Matched via exact strategy
564,aspect,maa baap,25,26,exact,True,maa baap,Matched via exact strategy
564,opinion,bure lagne lagte hai,28,31,exact,True,bure lagne lagte hai,Matched via exact strategy
564,aspect,maa baap,25,26,exact,True,maa baap,Matched via exact strategy
564,opinion,chinta na ho,39,41,exact,True,chinta na ho,Matched via exact strategy
565,aspect,dunia,1,1,exact,True,dunia,Matched via exact strategy
565,opinion,ajeeb,0,0,exact,True,ajeeb,Matched via exact strategy
565,aspect,hurkat,36,36,exact,True,hurkat,Matched via exact strategy
565,opinion,giri hoi,34,35,exact,True,giri hoi,Matched via exact strategy
565,aspect,jahil,51,51,exact,True,jahil,Matched via exact strategy
565,opinion,pura likha,49,50,exact,True,pura likha,Matched via exact strategy
566,aspect,complaint,2,2,exact,True,complaint,Matched via exact strategy
566,opinion,pehli bar jab ki thi,0,5,approximate,False,pehli bar complaint jab ki thi,Matched via approximate strategy
566,aspect,dc,6,6,exact,True,dc,Matched via exact strategy
566,opinion,nam salman lodhi tha ab sanaullah or aac topi bhi koi or tha ab mehran khan,8,23,exact,True,nam salman lodhi tha ab sanaullah or aac topi bhi koi or tha ab mehran khan,Matched via exact strategy
566,aspect,awan,26,26,exact,True,awan,Matched via exact strategy
566,opinion,inho ne kutta samjha hoa ha ham bas bhonkty rahengy,28,37,exact,True,inho ne kutta samjha hoa ha ham bas bhonkty rahengy,Matched via exact strategy
566,aspect,haq,40,40,exact,True,haq,Matched via exact strategy
566,opinion,jaiz haq k liye bhi,39,43,exact,True,jaiz haq k liye bhi,Matched via exact strategy
567,aspect,dharam,5,5,exact,True,dharam,Matched via exact strategy
567,opinion,apne dharam se hata hai,4,8,exact,True,apne dharam se hata hai,Matched via exact strategy
567,aspect,history,22,22,exact,True,history,Matched via exact strategy
567,opinion,padh,23,23,exact,True,padh,Matched via exact strategy
567,aspect,raja,28,28,exact,True,raja,Matched via exact strategy
567,opinion,kaun bhikhari aur kaun raja,24,28,exact,True,kaun bhikhari aur kaun raja,Matched via exact strategy
568,aspect,research,17,17,exact,True,research,Matched via exact strategy
568,opinion,itna research to apne bde bhai ki tshirt lene me nhi kiya tha,16,28,exact,True,itna research to apne bde bhai ki tshirt lene me nhi kiya tha,Matched via exact strategy
568,aspect,gifting spree,32,33,exact,True,gifting spree,Matched via exact strategy
568,opinion,jhel gye mujhe,35,37,exact,True,jhel gye mujhe,Matched via exact strategy
569,aspect,mulk,6,6,exact,True,mulk,Matched via exact strategy
569,opinion,nalayak,5,5,exact,True,nalayak,Matched via exact strategy
569,aspect,log,9,9,exact,True,log,Matched via exact strategy
569,opinion,nalayak,5,5,exact,True,nalayak,Matched via exact strategy
569,aspect,madrassa chaap,17,18,exact,True,madrassa chaap,Matched via exact strategy
569,opinion,tujhe shaaayad english na samajh aaye,11,16,exact,True,tujhe shaaayad english na samajh aaye,Matched via exact strategy
570,aspect,pakistan,4,4,exact,True,pakistan,Matched via exact strategy
570,opinion,russian and american breed,0,3,exact,True,russian and american breed,Matched via exact strategy
570,aspect,amma,17,17,exact,True,amma,Matched via exact strategy
570,opinion,pata nahin kis soviet european ka lauda teri amma ne apne phude mein liya,9,22,exact,True,pata nahin kis soviet european ka lauda teri amma ne apne phude mein liya,Matched via exact strategy
570,aspect,namak haram suar,24,26,exact,True,namak haram suar,Matched via exact strategy
570,opinion,talking about pakistan,31,33,exact,True,talking about pakistan,Matched via exact strategy
571,aspect,reply,6,6,exact,True,reply,Matched via exact strategy
571,opinion,nai kiya,7,8,exact,True,nai kiya,Matched via exact strategy
571,aspect,inquiry,9,9,exact,True,inquiry,Matched via exact strategy
571,opinion,apki,11,11,exact,True,apki,Matched via exact strategy
572,aspect,trend,3,3,exact,True,trend,Matched via exact strategy
572,opinion,ye kya naya trend h bc,0,5,exact,True,ye kya naya trend h bc,Matched via exact strategy
572,aspect,insta,10,10,exact,True,insta,Matched via exact strategy
572,opinion,sab ke sab apne insta deactivate kyu kar rhe h,6,15,exact,True,sab ke sab apne insta deactivate kyu kar rhe h,Matched via exact strategy
573,aspect,propaganda,10,10,exact,True,propaganda,Matched via exact strategy
573,opinion,ghisa pita dialogue ab nhi chalega,12,17,exact,True,ghisa pita dialogue ab nhi chalega,Matched via exact strategy
573,aspect,gyan,24,24,exact,True,gyan,Matched via exact strategy
573,opinion,dalo apni gand me,26,29,exact,True,dalo apni gand me,Matched via exact strategy
573,aspect,shanti,30,30,exact,True,shanti,Matched via exact strategy
573,opinion,tum logo se nhi aa sakti,31,36,exact,True,tum logo se nhi aa sakti,Matched via exact strategy
573,aspect,gulami,41,41,exact,True,gulami,Matched via exact strategy
573,opinion,tum logo se sirf gulami aa sakti ha,37,44,exact,True,tum logo se sirf gulami aa sakti ha,Matched via exact strategy
574,aspect,life,9,9,exact,True,life,Matched via exact strategy
574,opinion,acha bnany ki koshish krunga,21,25,exact,True,acha bnany ki koshish krunga,Matched via exact strategy
575,aspect,asset,5,5,exact,True,asset,Matched via exact strategy
575,opinion,bullshit,6,6,exact,True,bullshit,Matched via exact strategy
575,aspect,service,48,48,exact,True,service,Matched via exact strategy
575,opinion,chalu karo,50,51,exact,True,chalu karo,Matched via exact strategy
575,aspect,paisa,53,53,exact,True,paisa,Matched via exact strategy
575,opinion,return karo,54,55,exact,True,return karo,Matched via exact strategy
576,aspect,upper caste,8,9,exact,True,upper caste,Matched via exact strategy
576,opinion,dusro se jalne me he barbaad,10,15,exact,True,dusro se jalne me he barbaad,Matched via exact strategy
576,aspect,seats,17,17,exact,True,seats,Matched via exact strategy
576,opinion,reserved h uspe tym waste krte h,27,33,exact,True,reserved h uspe tym waste krte h,Matched via exact strategy
576,aspect,inability,38,38,exact,True,inability,Matched via exact strategy
576,opinion,bahana mil gya apne inability chupane ka,34,40,exact,True,bahana mil gya apne inability chupane ka,Matched via exact strategy
577,aspect,student,6,6,exact,True,student,Matched via exact strategy
577,opinion,thoda dhyan apne haryana ke student pr bhi de lo,1,10,exact,True,thoda dhyan apne haryana ke student pr bhi de lo,Matched via exact strategy
577,aspect,paper,21,21,exact,True,paper,Matched via exact strategy
577,opinion,sare paper leak hote h,20,24,exact,True,sare paper leak hote h,Matched via exact strategy
577,aspect,hssc,25,25,exact,True,hssc,Matched via exact strategy
577,opinion,ap invastigate kyo ni krte,27,31,exact,True,ap invastigate kyo ni krte,Matched via exact strategy
578,aspect,scene,4,4,exact,True,scene,Matched via exact strategy
578,opinion,ooohhh apne chatt wale,0,3,exact,True,ooohhh apne chatt wale,Matched via exact strategy
578,aspect,writing a book,12,14,exact,True,writing a book,Matched via exact strategy
578,opinion,look at us,9,11,exact,True,look at us,Matched via exact strategy
579,aspect,samaj,43,43,exact,True,samaj,Matched via exact strategy
579,opinion,aaj condition h vo kisi aur ki vajah se nhi manu smriti se h,45,58,exact,True,aaj condition h vo kisi aur ki vajah se nhi manu smriti se h,Matched via exact strategy
579,aspect,manu smriti,55,56,exact,True,manu smriti,Matched via exact strategy
579,opinion,joki brahmin tha yhi kadwa sach h,59,65,exact,True,joki brahmin tha yhi kadwa sach h,Matched via exact strategy
580,aspect,show,0,0,exact,True,show,Matched via exact strategy
580,opinion,satyanash,2,2,exact,True,satyanash,Matched via exact strategy
580,aspect,adi,6,6,exact,True,adi,Matched via exact strategy
580,opinion,angry young man tha phir kabir singh bana aur ab jhonny sins,8,19,exact,True,angry young man tha phir kabir singh bana aur ab jhonny sins,Matched via exact strategy
580,aspect,voldemort,21,21,exact,True,voldemort,Matched via exact strategy
580,opinion,concubine jaisa behave kar rahe hai,23,28,exact,True,concubine jaisa behave kar rahe hai,Matched via exact strategy
581,aspect,ak21,0,0,exact,True,ak21,Matched via exact strategy
581,opinion,sab bhula diya,3,5,exact,True,sab bhula diya,Matched via exact strategy
581,aspect,bondita,20,20,exact,True,bondita,Matched via exact strategy
581,opinion,wah,23,23,exact,True,wah,Matched via exact strategy
582,aspect,dramas,16,16,exact,True,dramas,Matched via exact strategy
582,opinion,behaye wala channel arhe hay,11,15,exact,True,behaye wala channel arhe hay,Matched via exact strategy
582,aspect,adds,21,21,exact,True,adds,Matched via exact strategy
582,opinion,behaye wali chezay arhi,23,26,exact,True,behaye wali chezay arhi,Matched via exact strategy
582,aspect,logic,55,55,exact,True,logic,Matched via exact strategy
582,opinion,khali hay,57,58,exact,True,khali hay,Matched via exact strategy
583,aspect,acting,39,39,exact,True,acting,Matched via exact strategy
583,opinion,acting krna tha par maintoh pancholi premi thi,39,46,exact,True,acting krna tha par maintoh pancholi premi thi,Matched via exact strategy
583,aspect,movie,37,37,exact,True,movie,Matched via exact strategy
583,opinion,50 k saath movie tha,34,38,exact,True,50 k saath movie tha,Matched via exact strategy
584,aspect,izzat,1,1,exact,True,izzat,Matched via exact strategy
584,opinion,apni izzat apne hath,0,3,exact,True,apni izzat apne hath,Matched via exact strategy
584,aspect,khawab,7,7,exact,True,khawab,Matched via exact strategy
584,opinion,kabhi khawab mn b dm ni kiya,6,12,exact,True,kabhi khawab mn b dm ni kiya,Matched via exact strategy
585,aspect,nazron,2,2,exact,True,nazron,Matched via exact strategy
585,opinion,apni nazron ki fikr karo,1,5,exact,True,apni nazron ki fikr karo,Matched via exact strategy
585,aspect,parday,8,8,exact,True,parday,Matched via exact strategy
585,opinion,uss k parday ki fikr uss pe chorro,6,13,exact,True,uss k parday ki fikr uss pe chorro,Matched via exact strategy
585,aspect,amaal,17,17,exact,True,amaal,Matched via exact strategy
585,opinion,sb apne apne amaal k zimedar hain,14,20,exact,True,sb apne apne amaal k zimedar hain,Matched via exact strategy
585,aspect,hisaab kitab,21,22,exact,True,hisaab kitab,Matched via exact strategy
585,opinion,hisaab kitab allah ka kaam hai,21,26,exact,True,hisaab kitab allah ka kaam hai,Matched via exact strategy
585,aspect,dilon ka haal,33,35,exact,True,dilon ka haal,Matched via exact strategy
585,opinion,dilon ka haal b sirf allah janta hai,33,40,exact,True,dilon ka haal b sirf allah janta hai,Matched via exact strategy
585,aspect,swab o jaza,52,54,exact,True,swab o jaza,Matched via exact strategy
585,opinion,dusron ka swab o jaza ginte raho,50,56,exact,True,dusron ka swab o jaza ginte raho,Matched via exact strategy
586,aspect,educator,11,11,exact,True,educator,Matched via exact strategy
586,opinion,not before 5 years check karo apne kids sa tange han,0,10,exact,True,not before 5 years check karo apne kids sa tange han,Matched via exact strategy
587,aspect,Bharat Ratna,3,4,exact,True,bharat ratna,Matched via exact strategy
587,opinion,na milna... apmaan h,6,7,approximate,False,na milna,Matched via approximate strategy
587,aspect,Dhyanchand,1,1,exact,True,dhyanchand,Matched via exact strategy
587,opinion,apne usoolon k liye bhi jaane jaate rahenge,20,27,exact,True,apne usoolon k liye bhi jaane jaate rahenge,Matched via exact strategy
588,aspect,acting,-1,-1,unmatched,False,,Matched via unmatched strategy
588,opinion,mundi hilana,11,12,exact,True,mundi hilana,Matched via exact strategy
588,aspect,movie,-1,-1,unmatched,False,,Matched via unmatched strategy
588,opinion,blockbustr express,19,20,exact,True,blockbustr express,Matched via exact strategy
589,aspect,neta,-1,-1,unmatched,False,,Matched via unmatched strategy
589,opinion,modi ne is k khilaf campaign shuru ker deni hai,1,10,exact,True,modi ne is k khilaf campaign shuru ker deni hai,Matched via exact strategy
589,aspect,player,12,12,exact,True,player,Matched via exact strategy
589,opinion,apne player k khilaf campaign karenge jispe itne saal invest kiya,11,21,exact,True,apne player k khilaf campaign karenge jispe itne saal invest kiya,Matched via exact strategy
589,aspect,naan,24,24,exact,True,naan,Matched via exact strategy
589,opinion,naan se jyada ganja sasta hai pakistan mein,24,31,exact,True,naan se jyada ganja sasta hai pakistan mein,Matched via exact strategy
590,aspect,adarsh,0,0,exact,True,adarsh,Matched via exact strategy
590,opinion,chhod bhai kya ye sb jaga pe cmnt kr rha h faltu,6,17,exact,True,chhod bhai kya ye sb jaga pe cmnt kr rha h faltu,Matched via exact strategy
591,aspect,mahrukh,0,0,exact,True,mahrukh,Matched via exact strategy
591,opinion,apne parents ke fav hu ap,1,6,exact,True,apne parents ke fav hu ap,Matched via exact strategy
592,aspect,strategy,3,3,exact,True,strategy,Matched via exact strategy
592,opinion,bahr se bna krr aaya h,1,7,approximate,False,bahr se strategy bna krr aaya h,Matched via approximate strategy
592,aspect,partner,14,14,exact,True,partner,Matched via exact strategy
592,opinion,nhi smjh rha h kucch,17,21,exact,True,nhi smjh rha h kucch,Matched via exact strategy
592,aspect,namunaa,34,34,exact,True,namunaa,Matched via exact strategy
592,opinion,ajib,33,33,exact,True,ajib,Matched via exact strategy
592,aspect,niki dumboli,37,38,exact,True,niki dumboli,Matched via exact strategy
592,opinion,iss season kaa,40,42,exact,True,iss season kaa,Matched via exact strategy
593,aspect,isko,0,0,exact,True,isko,Matched via exact strategy
593,opinion,band kardo,1,2,exact,True,band kardo,Matched via exact strategy
593,aspect,in jaison,4,5,exact,True,in jaison,Matched via exact strategy
593,opinion,band karo ya apne mulk us bhejdo,7,13,exact,True,band karo ya apne mulk us bhejdo,Matched via exact strategy
594,aspect,latter,7,7,exact,True,latter,Matched via exact strategy
594,opinion,is latter ki tarah aap bhi apne latter ped pe likh ke,6,17,exact,True,is latter ki tarah aap bhi apne latter ped pe likh ke,Matched via exact strategy
594,aspect,cm,18,18,exact,True,cm,Matched via exact strategy
594,opinion,avgat karane ki kirpa kare,21,25,exact,True,avgat karane ki kirpa kare,Matched via exact strategy
595,aspect,squad,1,1,exact,True,squad,Matched via exact strategy
595,opinion,nalla,0,0,exact,True,nalla,Matched via exact strategy
595,aspect,drama,10,10,exact,True,drama,Matched via exact strategy
595,opinion,fake salmanic banne ka,6,9,exact,True,fake salmanic banne ka,Matched via exact strategy
595,aspect,success,34,34,exact,True,success,Matched via exact strategy
595,opinion,hatred face karte hai,21,24,exact,True,hatred face karte hai,Matched via exact strategy
595,aspect,drama,10,10,exact,True,drama,Matched via exact strategy
595,opinion,smjh aata,39,40,exact,True,smjh aata,Matched via exact strategy
596,aspect,personal loan,1,2,exact,True,personal loan,Matched via exact strategy
596,opinion,ki madad se maine apne start up ko touchwood expand kar lia,3,14,exact,True,ki madad se maine apne start up ko touchwood expand kar lia,Matched via exact strategy
596,aspect,start up,8,9,exact,True,start up,Matched via exact strategy
596,opinion,bohat sahi chal raha hai,16,20,exact,True,bohat sahi chal raha hai,Matched via exact strategy
597,aspect,parvarish,10,10,exact,True,parvarish,Matched via exact strategy
597,opinion,acchi,9,9,exact,True,acchi,Matched via exact strategy
597,aspect,hate speeches,37,38,exact,True,hate speeches,Matched via exact strategy
597,opinion,badal diya hai,33,35,exact,True,badal diya hai,Matched via exact strategy
597,aspect,desh,52,52,exact,True,desh,Matched via exact strategy
597,opinion,phirse tukde karaoge,54,55,approximate,False,tukde karaoge,Matched via approximate strategy
598,aspect,kaam,6,6,exact,True,kaam,Matched via exact strategy
598,opinion,buhat sincere hai,2,4,exact,True,buhat sincere hai,Matched via exact strategy
598,aspect,directives,18,18,exact,True,directives,Matched via exact strategy
598,opinion,implementation b karwaye,25,27,exact,True,implementation b karwaye,Matched via exact strategy
598,aspect,govt office,40,41,exact,True,govt office,Matched via exact strategy
598,opinion,sops implement karwaale,49,51,exact,True,sops implement karwaale,Matched via exact strategy
599,aspect,tweet,14,14,exact,True,tweet,Matched via exact strategy
599,opinion,aa jata hai twitter pe tweet krne,9,15,exact,True,aa jata hai twitter pe tweet krne,Matched via exact strategy
599,aspect,hashtag,4,4,exact,True,hashtag,Matched via exact strategy
599,opinion,use krne aata nhi,5,8,exact,True,use krne aata nhi,Matched via exact strategy
600,aspect,party,8,8,exact,True,party,Matched via exact strategy
600,opinion,apne party ke members ko safe nhi rakh sakte,7,15,exact,True,apne party ke members ko safe nhi rakh sakte,Matched via exact strategy
600,aspect,bangal,16,16,exact,True,bangal,Matched via exact strategy
600,opinion,safe nhi rakh sakte,12,15,exact,True,safe nhi rakh sakte,Matched via exact strategy
600,aspect,congress,21,21,exact,True,congress,Matched via exact strategy
600,opinion,apne pm ko hi nhi,23,27,exact,True,apne pm ko hi nhi,Matched via exact strategy
